A,153.8600
AA,40.3800
AAA,25.0050
AAAU,18.0300
AAC,9.7400
AADR,68.0000
AAIC,3.8100
AAL,19.9500
AAN,29.2000
AAOI,7.6200
AAON,62.9800
AAP,215.4000
AAPL,147.3600
AAT,36.9200
AAU,0.4325
AAWW,67.5100
AAXJ,88.6500
AB,50.2300
ABB,37.1000
ABBV,116.2500
ABC,123.7100
ABCB,48.7600
ABCL,15.7500
ABEO,1.2300
ABEV,3.2500
ABG,198.2200
ABM,47.1900
ABMD,326.5200
ABNB,145.6500
ABR,17.8700
ABST,13.9900
ABT,122.1200
ABTX,36.6900
ABUS,2.7500
ACA,53.8500
ACAD,21.6300
ACB,7.1900
ACBI,24.4000
ACC,49.5500
ACCD,48.2200
ACCO,8.9200
ACEL,11.1800
ACER,2.3700
ACES,72.4500
ACET,7.2700
ACEV,9.8600
ACEVW,0.8300
ACGL,39.3400
ACH,14.4800
ACHC,63.6200
ACHV,7.4100
ACI,23.3900
ACIC,9.8800
ACIO,30.8320
ACIU,7.1300
ACIW,33.5100
ACKIU,10.2400
ACLS,39.0700
ACM,62.7800
ACMR,91.0200
ACN,318.5200
ACOR,3.8700
ACQRU,9.9900
ACR,18.0700
ACRE,14.5200
ACRS,14.9100
ACRX,1.2000
ACSG,33.6411
ACSI,50.9695
ACST,0.5383
ACTDU,9.9800
ACTG,5.6400
ACVA,23.0300
ACWF,38.7313
ACWI,102.8900
ACWV,105.5400
ACWX,57.2500
ADAG,16.7400
ADAP,3.4800
ADBE,621.2800
ADC,75.1700
ADCT,22.5500
ADER,9.7200
ADERW,1.0200
ADES,7.8100
ADEX,9.7000
ADFI,9.7850
ADI,168.6800
ADIL,2.3100
ADM,59.7900
ADMA,1.5800
ADME,40.6790
ADMP,1.0600
ADMS,5.2900
ADN,7.9500
ADNT,41.2800
ADP,213.4400
ADPT,35.9800
ADRE,53.2501
ADS,93.0300
ADSK,327.6100
ADT,10.6300
ADTN,22.1300
ADUS,94.7000
ADV,9.8000
ADVM,2.3600
ADXS,0.4293
AEAC,9.7100
AEE,85.6100
AEG,4.3100
AEHR,5.6700
AEIS,102.8500
AEL,32.5000
AEM,64.0300
AEMD,4.8300
AEO,34.3700
AEP,89.0900
AEPPL,50.6150
AEPPZ,53.5700
AER,52.7100
AERI,15.2500
AES,23.9200
AESC,101.6200
AESE,2.0300
AESR,13.9851
AEVA,8.4200
AEYE,13.7000
AEZS,0.7100
AFCG,20.3900
AFG,127.8100
AFI,4.1400
AFIB,15.2900
AFIF,9.7100
AFIN,8.4100
AFK,21.7900
AFL,55.6000
AFMD,6.8900
AFRM,66.6700
AFTY,20.6911
AFYA,24.1900
AG,13.6400
AGC,10.8200
AGCB,9.9600
AGCO,134.2500
AGCUU,11.3000
AGCWW,2.5400
AGE,1.3300
AGEN,5.4500
AGFS,1.9200
AGG,116.5800
AGGY,53.0000
AGI,8.1400
AGIO,47.1200
AGLE,6.2700
AGM,96.5700
AGNC,15.8200
AGNG,30.7000
AGO,48.0000
AGQ,43.7300
AGR,52.8100
AGRO,9.5200
AGRX,1.1700
AGS,7.7500
AGT,26.7697
AGTC,3.6300
AGX,45.2900
AGYS,55.7300
AGZ,119.3700
AGZD,46.7800
AHAC,9.9900
AHACW,2.6500
AHCO,21.4900
AHH,13.0400
AHPI,8.9000
AHT,14.8900
AI,49.8000
AIA,84.1500
AIEQ,41.5100
AIG,47.7400
AIH,4.8400
AIHS,0.7100
AIIQ,33.1124
AIKI,0.8375
AIMC,60.9800
AIN,85.6300
AINV,13.7200
AIQ,30.6400
AIR,35.0400
AIRC,52.1400
AIRG,17.3200
AIRR,41.5300
AIT,89.1600
AIV,6.7900
AIZ,158.0400
AJAX,9.9600
AJG,138.5500
AJRD,47.1400
AJX,12.7100
AKAM,119.8200
AKBA,2.5700
AKICW,0.9000
AKR,21.0800
AKRO,21.0700
AKTS,9.3900
AKUS,11.2800
AL,42.5100
ALB,206.9800
ALBO,28.5000
ALC,74.4000
ALDX,8.9500
ALE,71.6000
ALEC,25.7900
ALEX,19.8500
ALFA,84.9429
ALG,145.2900
ALGM,28.2200
ALGN,701.3400
ALGT,188.6900
ALIT,9.7100
ALJJ,1.2900
ALK,57.1900
ALKS,27.8600
ALL,130.7100
ALLE,137.8100
ALLK,77.9900
ALLO,21.9300
ALLT,18.4100
ALLY,50.9700
ALNA,0.9100
ALNY,178.8100
ALOT,16.0000
ALPN,8.4000
ALRM,85.9900
ALRN,1.0000
ALRS,28.2100
ALSN,40.2200
ALT,9.7500
ALTA,40.9700
ALTG,12.2400
ALTL,43.0100
ALTM,65.5600
ALTO,5.6600
ALTR,69.8700
ALTS,39.0650
ALTU,9.8000
ALTUW,0.7710
ALTY,13.6542
ALV,99.9000
ALVR,19.7300
ALX,274.2200
AM,9.3600
AMAL,15.4600
AMAT,142.1600
AMBA,97.0600
AMBC,14.6200
AMBO,1.6400
AMC,33.5900
AMCR,11.6700
AMCX,47.9600
AMD,112.5600
AME,138.7700
AMED,259.0800
AMEH,88.9200
AMG,162.2700
AMGN,244.0800
AMH,41.9500
AMJ,18.1800
AMK,25.4600
AMKR,25.9600
AMLP,33.5300
AMN,103.3100
AMOT,31.5300
AMP,259.8700
AMPE,1.3200
AMPH,21.4900
AMPY,3.1700
AMR,28.2100
AMRC,62.0200
AMRK,51.5500
AMRN,4.3000
AMRS,14.4000
AMRX,4.9500
AMS,2.8900
AMSC,13.5000
AMSF,57.0700
AMSWA,22.2500
AMT,284.3500
AMTI,28.7500
AMTX,8.9900
AMUB,11.4390
AMWD,74.9500
AMWL,11.3100
AMX,17.0200
AMZA,26.2500
AMZN,3366.2400
AN,119.4000
ANAB,23.8100
ANAT,163.8500
ANDE,26.8300
ANET,379.1700
ANEW,46.0481
ANF,38.5500
ANGI,11.1300
ANGL,32.9100
ANGO,27.2500
ANIK,40.8600
ANIP,34.0100
ANIX,4.2300
ANNX,20.9700
ANSS,370.8200
ANTM,395.2900
AOA,71.4300
AOD,10.3000
AOK,40.2200
AOM,45.5300
AON,264.0600
AOR,56.6000
AOS,71.6400
AOSL,26.0200
AOUT,28.3400
APA,18.7800
APAM,49.6100
APD,290.6500
APEI,29.9200
APG,22.5500
APH,73.8300
API,30.6100
APLE,14.6400
APLS,63.6400
APLT,18.1100
APM,2.4900
APO,60.6600
APOG,39.5500
APPF,138.5600
APPH,11.4800
APPHW,3.5800
APPN,113.2300
APPS,63.3500
APR,28.5800
APRE,4.2500
APRN,4.3500
APSG,9.7000
APT,10.2700
APTO,2.6300
APTS,10.7000
APTV,169.1400
APTX,2.5200
APVO,17.9800
APWC,3.2200
APYX,9.0600
AQB,4.7400
AQMS,2.1800
AQN,15.8900
AQST,3.2500
AQUA,34.9800
AR,13.4700
ARAV,4.2300
ARAY,3.8700
ARB,25.6000
ARBG,9.7000
ARBGU,9.9900
ARBGW,0.9400
ARC,2.2500
ARCB,64.4400
ARCC,20.0000
ARCE,29.1000
ARCH,66.3900
ARCM,100.0500
ARCO,6.0400
ARCT,58.2500
ARD,23.5400
ARDX,1.6400
ARE,204.9100
ARES,72.7800
ARGO,53.1100
ARGT,31.2550
ARGX,311.5000
ARI,15.3500
ARKF,51.2200
ARKG,84.7900
ARKK,120.2200
ARKQ,81.1800
ARKW,147.4100
ARKX,20.3100
ARLO,6.1900
ARLP,7.7000
ARMK,34.6300
ARNA,60.4300
ARNC,34.5900
AROC,8.5000
AROW,36.0800
ARPO,2.0200
ARQT,22.8400
ARR,10.3900
ARRWU,10.0500
ARRY,13.4600
ARTL,0.9400
ARTNA,39.7500
ARVL,11.9400
ARVN,100.4000
ARW,119.9600
ARWR,66.7500
ASAI,16.5800
ASAN,72.3300
ASAX,9.7300
ASAXW,0.8599
ASB,20.0100
ASC,3.4200
ASEA,13.9600
ASGN,102.6900
ASH,83.4100
ASHR,38.3600
ASHS,38.6241
ASHX,29.4609
ASIX,35.3800
ASLE,11.7400
ASLN,2.8400
ASM,1.0600
ASMB,3.6600
ASML,779.5300
ASND,122.5000
ASO,36.6500
ASPCU,10.0050
ASPN,37.8200
ASPS,9.0900
ASPU,6.1900
ASR,180.7200
ASRT,1.3400
ASRV,3.7600
ASTE,61.0400
ASTRW,2.6201
ASTS,10.7400
ASUR,9.2900
ASX,9.2200
ASXC,2.3300
ASYS,9.7500
ATA,9.9900
ATC,23.9400
ATCO,13.2300
ATEC,14.2700
ATEN,13.0100
ATER,9.0900
ATEX,57.5600
ATGE,37.5600
ATH,66.4200
ATHM,42.3200
ATHX,1.4800
ATI,19.8900
ATIF,0.7700
ATIP,4.5000
ATKR,83.9300
ATLC,44.8500
ATMP,15.4439
ATMR,9.8200
ATNI,43.5500
ATNM,6.9100
ATNX,3.8000
ATO,99.6800
ATOM,17.0900
ATOS,2.8900
ATR,128.6300
ATRA,12.5900
ATRC,83.5200
ATRI,634.9800
ATRO,16.5300
ATRS,4.3800
ATSG,24.9900
ATTO,23.6000
ATUS,30.1800
ATVI,79.8300
ATXI,1.8100
AU,20.2300
AUB,35.6800
AUD,3.4000
AUDC,31.9900
AUMN,0.5089
AUPH,13.3000
AURCU,10.2500
AUSF,30.0614
AUTL,5.5400
AUTO,3.4600
AUVI,8.1400
AUY,4.5500
AVA,44.2400
AVAL,5.1600
AVAN,9.7300
AVAV,101.4800
AVB,228.9000
AVCO,1.0200
AVD,15.8500
AVDE,64.3400
AVDL,8.0000
AVDR,30.4816
AVDV,66.1600
AVEM,66.7200
AVEO,5.2200
AVGO,486.7900
AVGR,0.9400
AVID,36.1500
AVIG,50.0065
AVK,19.2200
AVLR,165.6500
AVMU,50.4700
AVNS,36.9300
AVNT,48.0300
AVNW,36.9600
AVO,19.0000
AVPT,10.5000
AVPTW,2.4600
AVRO,7.3100
AVSF,50.1587
AVT,41.9700
AVTR,37.8000
AVUS,75.3800
AVXL,17.9500
AVY,213.9700
AVYA,23.9900
AWAY,26.6000
AWF,12.4700
AWH,4.5000
AWI,108.7300
AWK,175.3000
AWP,6.6500
AWR,89.1300
AWTM,49.7650
AX,47.6900
AXAS,1.8400
AXDX,7.5900
AXGN,19.8500
AXL,9.8900
AXLA,3.3200
AXNX,66.6500
AXON,187.3200
AXP,169.0400
AXS,51.2000
AXSM,49.1800
AXTA,30.2400
AXTI,9.8500
AXU,2.1200
AY,40.3100
AYI,176.1100
AYRO,4.3600
AYTU,3.8900
AYX,78.7900
AZAA,28.2546
AZAJ,27.4597
AZAL,28.1662
AZAO,28.6601
AZBA,26.5701
AZBJ,26.2650
AZBL,26.6101
AZBO,26.8650
AZEK,36.5300
AZN,57.6600
AZO,1660.1100
AZPN,145.0400
AZRE,25.0600
AZRX,0.5552
AZUL,22.3100
AZZ,52.7400
B,50.0000
BA,229.0900
BAB,33.8400
BABA,197.3800
BAC,38.5500
BAH,82.7600
BAK,22.4300
BALY,47.8800
BAM,54.4400
BANC,17.2500
BAND,128.0300
BANF,55.1900
BANR,52.9500
BAP,101.1100
BAPR,32.0902
BAR,17.9800
BARK,7.7500
BATL,12.6000
BATRK,26.2200
BATT,18.3800
BAUG,31.7950
BAX,76.2800
BB,10.1700
BBAR,3.1000
BBAX,58.4200
BBBY,28.4600
BBC,44.6000
BBCA,64.7900
BBCP,8.6200
BBD,4.7000
BBDC,10.6400
BBDO,4.2000
BBEU,60.2100
BBH,211.7500
BBI,0.6600
BBIG,3.0700
BBIN,60.8900
BBIO,52.7900
BBJP,57.1600
BBL,66.4800
BBN,26.4300
BBP,50.8443
BBRE,100.2300
BBSA,51.8650
BBSI,72.5500
BBU,44.1200
BBUS,81.0400
BBVA,6.6200
BBW,15.6600
BBY,114.6500
BC,104.7800
BCAB,40.0000
BCAC,9.8200
BCACW,1.1701
BCC,52.0400
BCD,31.2500
BCDA,3.4900
BCE,49.9100
BCEI,38.0100
BCEL,5.5900
BCH,17.1500
BCI,26.6200
BCLI,3.7600
BCML,18.1500
BCO,77.5000
BCOR,16.7700
BCOV,11.6100
BCPC,132.0600
BCRX,16.7600
BCS,9.9800
BCSF,15.1600
BCX,9.1700
BCYC,29.6500
BCYP,9.8900
BDC,49.1500
BDCZ,19.2900
BDEC,33.4652
BDN,13.5900
BDRY,26.6300
BDSI,3.9000
BDTX,9.6300
BDX,255.7700
BDXB,56.0900
BE,21.4300
BEAM,92.3100
BECN,54.2500
BEDU,3.2900
BEEM,29.1400
BEEMW,22.7100
BEKE,21.2200
BELFB,13.8300
BEN,30.7100
BENE,10.0000
BENEW,0.5690
BEP,38.8000
BEPC,41.9000
BERY,65.2600
BEST,1.0600
BETZ,27.0600
BF.A,66.4400
BF.B,70.7800
BFAM,147.1400
BFC,69.2100
BFEB,30.9302
BFI,10.8300
BFIIW,2.2000
BFIN,11.1700
BFIT,30.4200
BFLY,10.3800
BFOR,60.3153
BFRA,6.2600
BFS,45.5000
BFZ,15.0800
BG,77.2400
BGCP,5.3100
BGFV,23.9000
BGNE,341.4500
BGRN,55.9500
BGRY,8.8300
BGRYW,1.2800
BGS,28.9000
BGSF,12.2000
BGT,12.9700
BGY,6.2900
BH,167.8400
BHAT,0.7013
BHC,26.4400
BHE,26.3400
BHF,42.5300
BHK,16.8300
BHLB,27.8900
BHP,79.7300
BHR,5.2100
BHVN,118.7800
BIB,101.7200
BIBL,43.9100
BICK,37.3100
BIDU,164.0900
BIG,56.8800
BIGC,67.7200
BIIB,338.0000
BIL,91.4600
BILI,84.0000
BILL,207.4500
BILS,100.0450
BIMI,1.1300
BIO,745.6900
BIOC,3.9500
BIOL,0.5785
BIOT,9.7200
BIOTW,0.8800
BIP,54.0600
BIPC,64.2700
BIS,17.4700
BIT,18.6700
BIV,91.3200
BJ,52.7600
BJAN,36.1600
BJK,47.2900
BJRI,38.7400
BJUL,31.8930
BJUN,33.1048
BK,52.0000
BKAG,50.1450
BKCC,3.8500
BKCH,24.4000
BKD,7.3900
BKE,43.0900
BKEM,72.2338
BKEP,3.3800
BKF,49.7384
BKH,69.9300
BKHY,56.5600
BKI,82.4000
BKIE,74.7538
BKLN,22.0100
BKNG,2139.2900
BKR,21.3100
BKSB,51.5050
BKT,6.4800
BKU,40.1300
BKYI,3.1800
BL,114.5700
BLBD,24.2300
BLCM,3.0300
BLCN,46.0600
BLCT,5.4500
BLD,216.7300
BLDE,7.1600
BLDEW,1.5550
BLDG,32.2954
BLDP,15.6300
BLDR,45.8600
BLES,39.4200
BLFS,48.4900
BLHY,24.6200
BLI,44.7200
BLIN,5.7300
BLK,880.2100
BLKB,70.9900
BLL,80.4400
BLMN,25.4300
BLNK,33.9100
BLOK,44.8400
BLPH,4.1400
BLRX,3.2300
BLTS,9.7100
BLUE,25.1100
BLV,106.2600
BMA,13.7500
BMAR,33.2445
BMBL,48.1200
BMEZ,28.8100
BMI,101.9100
BMO,99.1300
BMRC,34.9900
BMRN,77.6500
BMTC,39.0400
BMTX,10.3300
BMY,69.3100
BND,86.8500
BNDC,26.7050
BNDW,81.2500
BNDX,58.0000
BNE,28.9927
BNED,7.9600
BNFT,12.8700
BNGO,5.9200
BNKD,13.8400
BNKU,49.6600
BNL,25.9100
BNO,18.8200
BNOV,31.8650
BNR,23.1300
BNS,62.3900
BNTC,3.5500
BNTX,351.8100
BOAC,9.7900
BOCH,13.6500
BOCT,32.4452
BODY,9.1900
BOE,12.4600
BOH,83.8400
BOIL,44.0900
BOKF,85.7600
BOMN,31.6200
BOND,112.0900
BOOM,43.6000
BOOT,86.2500
BORR,0.7705
BOSS,34.9800
BOTZ,34.5900
BOUT,34.5300
BOWX,10.1800
BOX,24.5300
BOXL,1.9500
BP,25.6900
BPMC,85.9900
BPMP,13.3500
BPOP,73.1000
BPT,3.8700
BPTH,6.4700
BQ,2.8900
BR,174.9900
BRBR,32.3000
BRC,55.4400
BRF,22.5848
BRFS,4.8100
BRG,12.8300
BRK.A,423706.0000
BRK.B,281.8000
BRKL,14.6600
BRKR,80.7800
BRKS,87.1700
BRMK,10.4100
BRO,54.1200
BRP,27.3900
BRQS,0.7700
BRSP,9.4500
BRT,17.3300
BRW,4.5800
BRX,22.9700
BRY,5.9100
BRZU,117.0800
BSAC,18.6100
BSBE,25.7100
BSBR,7.8600
BSCE,26.2100
BSCL,21.0900
BSCM,21.5700
BSCN,21.7300
BSCO,22.2200
BSCP,22.4100
BSCQ,21.6600
BSCR,22.1200
BSCS,23.3341
BSCT,21.5700
BSCU,19.9700
BSDE,26.2450
BSEP,32.0600
BSET,22.2500
BSGM,3.4600
BSIG,25.3000
BSJL,23.0000
BSJM,23.2700
BSJN,25.3500
BSJO,25.0600
BSJP,24.6000
BSJQ,25.7000
BSJR,25.5600
BSJS,25.5500
BSM,10.6700
BSML,25.2400
BSMM,25.4400
BSMN,25.7000
BSMO,25.8800
BSMP,26.1150
BSMQ,26.0900
BSMU,25.9250
BSMX,5.8400
BSQR,2.8900
BSRR,24.1700
BSV,82.4000
BSX,45.5400
BSY,61.3200
BTAI,25.4900
BTAL,17.2400
BTBT,10.0000
BTCM,4.9800
BTEK,36.4668
BTG,4.1700
BTI,37.8800
BTNB,10.1500
BTRS,11.4600
BTU,11.3900
BTWN,9.8300
BTWNU,10.3000
BTWNW,1.5700
BTX,12.6800
BTZ,15.5800
BUD,62.5100
BUFF,35.0250
BUG,30.3900
BURL,338.6600
BUSE,23.2400
BUYZ,51.8513
BUZZ,25.4600
BV,16.1100
BVH,16.8200
BVN,8.3500
BVXV,2.8900
BW,6.8500
BWA,49.3600
BWAC,10.0000
BWACW,0.9699
BWB,16.1300
BWEN,3.7600
BWX,29.8100
BWXT,55.1700
BWZ,31.7450
BX,115.1600
BXC,44.0900
BXMT,32.5000
BXP,116.0700
BXRX,0.6119
BXS,26.1500
BY,24.1800
BYD,56.3800
BYLD,25.4469
BYND,122.5500
BYSI,9.6300
BYTSU,10.0000
BZH,17.6300
BZQ,13.0400
BZUN,24.9800
C,68.8800
CAAP,5.4400
CAAS,4.1500
CABA,7.1400
CABO,1937.8800
CAC,44.9500
CACC,541.1500
CACG,50.3500
CACI,256.4400
CADE,19.1400
CAE,30.3900
CAG,33.1200
CAH,59.6300
CAI,55.8700
CAJ,24.4300
CAKE,43.5600
CAL,25.1800
CALA,2.0400
CALF,43.5700
CALM,34.3200
CALT,28.8550
CALX,46.0300
CAMP,12.0300
CAMT,37.5000
CAN,7.8200
CANE,8.6900
CANF,2.0800
CANO,10.9500
CAPE,21.5300
CAPR,4.4500
CAR,89.8200
CARA,11.6700
CARE,11.3900
CARG,29.2800
CARR,57.1800
CARS,12.1400
CARV,14.5200
CARZ,61.1100
CAS,9.8900
CASA,7.5600
CASH,49.0400
CASI,1.2000
CASS,41.9600
CASY,197.2500
CAT,208.5000
CATB,1.5100
CATC,84.4600
CATH,54.9300
CATO,16.8700
CATY,38.1200
CB,172.6200
CBAH,9.8900
CBAT,3.5900
CBAY,3.9000
CBB,15.3500
CBD,5.9700
CBIO,4.0600
CBOE,122.4300
CBON,24.2200
CBRE,96.2100
CBRL,134.1400
CBSH,68.5000
CBT,55.2700
CBTX,25.7500
CBU,72.5500
CBZ,32.6200
CC,34.1500
CCAC,9.9100
CCBG,24.2700
CCCC,45.9400
CCEP,61.7200
CCF,114.0300
CCI,194.7700
CCJ,17.3300
CCK,99.6100
CCL,21.4300
CCMP,145.9200
CCNE,23.3500
CCO,2.4900
CCOI,77.8200
CCOR,30.2100
CCRN,16.6700
CCS,71.6200
CCU,21.0000
CCV,9.8000
CCXI,15.1100
CD,12.5000
CDAY,97.5700
CDC,65.7700
CDE,7.3600
CDEV,4.9900
CDK,47.4500
CDL,57.6400
CDLX,116.3900
CDMO,25.8200
CDNA,82.0100
CDNS,149.8500
CDR,16.6200
CDTX,1.7100
CDW,185.2900
CDXC,8.7300
CDXS,21.6100
CDZI,13.1900
CE,156.2300
CEA,18.0400
CECE,7.2600
CEF,18.6300
CEFS,21.1800
CEI,0.4577
CEIX,20.6800
CELH,71.8500
CEMB,52.3600
CEMI,3.5200
CEN,12.6600
CENHU,10.3000
CENT,49.0700
CENTA,44.1500
CENX,14.9000
CEPU,2.4900
CEQP,28.6100
CERC,2.6900
CERN,81.9100
CERS,5.1300
CERT,26.3100
CETX,1.2600
CEVA,48.9800
CEW,18.0390
CEY,24.1230
CF,46.4500
CFA,73.4500
CFAC,10.0700
CFACU,10.4200
CFACW,1.3400
CFB,13.8300
CFFEU,10.0200
CFFN,11.0200
CFFVW,0.9900
CFG,42.8700
CFIV,9.7400
CFIVU,10.0500
CFIVW,1.0300
CFMS,1.6400
CFO,73.4900
CFR,110.2100
CFRX,3.9900
CFV,9.8200
CFVIU,10.0000
CFX,46.8100
CFXA,189.4200
CG,47.8900
CGBD,13.2200
CGC,18.7700
CGEN,6.5900
CGNT,27.6000
CGNX,89.3500
CGRN,4.4900
CGW,57.9000
CHAD,17.2700
CHAU,38.6300
CHB,18.5550
CHCI,6.3649
CHCO,76.2400
CHCT,49.9500
CHD,85.1400
CHDN,181.0200
CHE,474.7200
CHEF,27.8100
CHEK,1.1000
CHFW,9.9700
CHGG,88.4600
CHH,117.3400
CHI,15.3300
CHIC,21.0451
CHIE,9.8650
CHIH,29.4400
CHII,16.3200
CHIK,30.9887
CHIL,34.2595
CHIM,26.1600
CHIQ,30.1500
CHIR,12.4300
CHIS,28.4070
CHIU,17.3277
CHIX,14.3800
CHKP,127.1700
CHMA,4.0400
CHMI,9.1700
CHNA,42.6900
CHNG,21.9700
CHNGU,73.3600
CHPT,23.1200
CHRA,4.6500
CHRS,13.2100
CHRW,91.4100
CHS,6.2400
CHT,42.3300
CHTR,770.0200
CHUY,31.8600
CHWY,86.7500
CHX,23.7700
CI,233.9600
CIA,5.4400
CIB,28.4100
CIBR,49.2900
CID,32.9463
CIEN,58.2900
CIG,2.2600
CIG.C,2.8500
CIGI,128.9800
CIH,1.6700
CIK,3.4400
CIL,46.0812
CIM,14.5900
CINF,118.9400
CINR,14.2900
CIO,12.7100
CIR,30.8900
CIT,48.6200
CIVB,23.0000
CIXX,18.4900
CIZ,34.9654
CJJD,0.8000
CKPT,2.5800
CL,79.4200
CLAR,29.9900
CLAS,9.6700
CLB,32.9600
CLBK,18.0800
CLBS,1.3300
CLDR,15.8600
CLDT,11.4600
CLDX,44.8900
CLEU,1.7900
CLF,24.3900
CLFD,43.4800
CLH,96.0800
CLI,17.3600
CLIM,9.7300
CLIR,3.6100
CLIX,74.9900
CLLS,13.6200
CLMT,6.7200
CLNE,7.3700
CLOU,28.6600
CLOV,8.1200
CLOVW,2.0000
CLPS,3.7100
CLR,34.7200
CLRB,1.0500
CLRM,9.6900
CLS,9.0900
CLSD,5.1300
CLSK,13.2300
CLSN,1.0700
CLTL,105.6702
CLVR,10.1600
CLVRW,2.0500
CLVS,4.8600
CLVT,23.1600
CLW,28.9400
CLX,164.0600
CLXT,3.6900
CM,114.4200
CMA,69.3700
CMBM,42.5500
CMBS,54.8100
CMC,32.5200
CMCL,12.5100
CMCM,1.9900
CMCO,45.2300
CMCSA,58.2300
CMDY,55.4100
CME,208.7700
CMF,62.9200
CMG,1884.4900
CMI,233.0500
CMLS,12.5100
CMO,6.3800
CMP,68.5900
CMPR,102.2900
CMPS,33.0700
CMRE,11.0000
CMRX,6.6600
CMS,63.2400
CMT,14.5700
CMTL,24.9200
CN,41.8146
CNA,43.9900
CNBKA,114.3000
CNBS,22.4900
CNC,69.3300
CNCE,3.3500
CNCR,29.3300
CNDT,6.4800
CNHI,16.8700
CNI,107.8700
CNK,15.0700
CNMD,133.8700
CNNE,32.7300
CNO,22.8000
CNOB,26.4000
CNP,25.8700
CNQ,33.3200
CNR,16.7100
CNRG,100.0200
CNS,84.2800
CNSL,8.5500
CNSP,1.6800
CNTY,11.1100
CNX,12.0500
CNXC,161.5900
CNXN,46.9900
CNXT,52.6329
CNYA,42.4300
CO,5.0800
COCP,1.1000
CODI,25.2100
CODX,10.3100
COF,161.4300
COG,16.3600
COGT,6.2500
COHN,18.1000
COHR,239.2600
COHU,35.4900
COKE,392.2400
COLB,35.4700
COLD,38.4100
COLL,25.2500
COLM,102.0000
COM,30.6900
COMB,28.5477
COMM,20.8800
COMT,34.2500
CONE,72.8000
CONN,23.0300
CONX,9.8100
CONXU,10.0700
CONXW,1.1600
COO,423.9800
COOL,9.7300
COOLU,10.0500
COOLW,1.1500
COOP,38.4800
COP,56.6400
COPX,37.8400
COR,139.9800
CORE,41.8700
CORN,20.4800
CORP,115.8300
CORR,5.3700
CORT,21.5800
COST,435.0700
COTY,8.5300
COUP,215.9700
COUR,35.6800
COVAU,10.0600
COW,38.4100
COWN,39.2400
COWZ,44.5100
CP,74.2900
CPA,70.1900
CPB,43.3500
CPE,37.9100
CPER,26.8800
CPF,25.6300
CPG,3.8300
CPI,27.5551
CPK,128.5500
CPLG,13.3400
CPLP,11.6900
CPNG,38.0300
CPRI,59.4000
CPRT,148.1900
CPRX,5.7500
CPS,26.7300
CPSI,31.5000
CPSS,4.9500
CPT,148.3700
CPUH,9.7100
CQP,41.2100
CQQQ,70.4800
CR,98.1300
CRAI,84.0900
CRAK,27.7500
CRBN,169.0000
CRBP,1.3700
CRC,27.9400
CRD.B,10.1100
CRDF,5.1400
CREE,93.6300
CRH,50.7500
CRHC,9.7900
CRI,102.4800
CRIS,6.9900
CRK,5.9400
CRKN,3.4500
CRL,411.2400
CRM,241.1300
CRMD,5.9000
CRMT,158.4000
CRNC,106.7200
CRNT,4.1900
CRNX,17.7100
CROC,47.6407
CRON,7.3900
CROX,137.0900
CRS,38.3000
CRSP,121.4200
CRSR,27.1300
CRTD,3.4300
CRTO,40.3500
CRTX,57.0400
CRU,9.7400
CRUS,78.7300
CRVL,154.2900
CRVS,2.1000
CRWD,254.3400
CRY,26.9700
CS,10.3900
CSA,64.1900
CSAN,19.7900
CSB,58.9650
CSCO,56.2500
CSCW,0.8479
CSD,65.4196
CSF,60.2300
CSGP,87.3300
CSGS,44.9100
CSII,37.5700
CSIQ,41.6000
CSL,203.1200
CSLT,2.1000
CSM,102.5500
CSML,34.8700
CSOD,48.7800
CSPR,6.8600
CSR,92.8200
CSTA,9.7700
CSTE,14.1700
CSTL,70.3700
CSTM,18.7000
CSTR,21.0400
CSU,24.7500
CSV,36.9900
CSWC,26.5900
CSWI,119.5800
CSX,32.4300
CTAC,9.9100
CTAQ,9.7300
CTAQU,10.0000
CTAQW,0.8809
CTAS,390.4200
CTBI,39.6700
CTEC,19.9000
CTHR,2.6700
CTIC,2.4300
CTLP,10.0100
CTLT,122.1600
CTMX,5.7400
CTO,54.3700
CTOS,7.6000
CTRE,23.7400
CTRM,2.0900
CTRN,80.0500
CTS,34.9700
CTSH,74.9000
CTT,11.5400
CTVA,43.0700
CTXR,1.8600
CTXS,103.0000
CUBE,50.3700
CUBI,37.5000
CUE,10.4500
CUEN,3.4600
CUK,20.0200
CULP,14.7700
CURE,125.7900
CURIW,3.0000
CURO,16.8800
CUT,38.0600
CUTR,53.5500
CUZ,39.2500
CVA,19.9400
CVAC,54.5400
CVBF,19.2500
CVCO,236.5000
CVE,8.4200
CVEO,23.5200
CVET,24.6900
CVGI,8.7200
CVGW,56.2200
CVI,14.0100
CVLG,21.1100
CVLT,76.7100
CVM,8.3100
CVNA,332.3700
CVS,84.0000
CVV,4.0989
CVX,102.6000
CVY,24.0300
CW,120.6100
CWB,85.9400
CWBR,1.2000
CWCO,12.5700
CWEB,22.2100
CWEN,29.8400
CWH,40.0800
CWI,30.0100
CWK,18.3500
CWS,48.0984
CWST,69.6300
CWT,64.2500
CX,8.2700
CXDC,0.9300
CXP,16.0200
CXSE,57.6000
CXW,10.0400
CYAD,4.2600
CYB,27.7200
CYBE,46.7500
CYBR,142.8100
CYCC,5.0000
CYCN,3.0900
CYD,14.8300
CYH,13.3400
CYRN,0.5900
CYRX,61.6400
CYTH,8.2800
CYTK,28.8300
CYTO,3.1700
CZA,92.7222
CZR,86.7800
D,75.5000
DAC,69.2300
DADA,21.5100
DAKT,6.1100
DAL,39.7700
DALI,25.5500
DALT,10.6100
DAN,23.8700
DAO,9.6200
DAR,69.4400
DARE,1.5300
DASH,177.1300
DAUG,34.4189
DAVA,124.8400
DAX,33.5400
DB,12.4600
DBA,18.7500
DBAW,33.4200
DBB,20.5700
DBC,19.2000
DBD,11.6000
DBE,15.6000
DBEF,38.0700
DBEH,32.0850
DBEM,27.9300
DBEU,34.9200
DBEZ,38.5897
DBGR,32.4800
DBI,14.7400
DBJP,48.1000
DBLV,95.4703
DBMF,28.6500
DBO,12.6500
DBP,49.7900
DBRG,6.7600
DBS,35.7200
DBTX,7.0700
DBV,24.3733
DBVT,4.9700
DBX,31.4800
DCBO,69.6200
DCI,67.4800
DCO,54.0300
DCOM,33.2800
DCP,27.2800
DCPH,29.5200
DCRCU,10.4250
DCRNU,10.3700
DCT,44.6800
DCUE,100.2500
DD,74.3900
DDD,26.6000
DDG,17.7527
DDIV,30.9190
DDLS,35.4214
DDM,74.5300
DDMX,9.9101
DDOG,114.6800
DDS,176.3100
DDWM,31.0906
DE,365.8600
DEA,22.5900
DECK,430.4400
DEED,26.1050
DEEF,32.9097
DEEP,34.5403
DEF,68.8200
DEFA,33.2368
DEFN,25.1087
DEI,32.3600
DELL,98.4300
DEM,45.0800
DEN,66.0400
DENN,14.0600
DEO,200.0000
DES,31.5400
DESP,12.5200
DEUS,45.3700
DEW,48.7205
DFAE,28.3618
DFAI,29.7700
DFAU,30.9000
DFE,77.0400
DFEB,34.4100
DFEN,23.5400
DFFN,0.5574
DFHY,25.2000
DFIN,31.7000
DFJ,76.2600
DFND,39.6298
DFNL,29.9400
DFNV,29.7879
DFS,126.0100
DG,235.0500
DGICA,15.3100
DGII,20.7100
DGL,52.1094
DGLY,1.5600
DGNS,9.8600
DGNU,9.9200
DGP,39.0200
DGRE,29.3300
DGRO,52.1000
DGRS,45.6506
DGRW,61.8000
DGS,54.4100
DGT,111.5900
DGX,145.3600
DGZ,10.1500
DHBCU,9.9500
DHC,3.8400
DHCAU,10.0600
DHHCW,0.9600
DHI,97.5500
DHIL,174.5600
DHR,302.3300
DHS,79.5900
DHT,5.7200
DHX,3.8100
DHY,2.4900
DIA,351.0900
DIG,61.7300
DIM,69.6357
DIN,78.1000
DINT,20.5100
DIOD,84.2000
DIS,172.9900
DISCA,27.8700
DISCK,26.5000
DISH,42.0000
DIV,19.8600
DIVA,24.2501
DIVO,36.6500
DJCB,18.0500
DJCO,334.5000
DJD,44.4062
DJP,27.5300
DK,17.5500
DKL,43.1600
DKNG,48.3900
DKS,108.2500
DLA,32.0100
DLB,99.6900
DLCA,9.6700
DLCAW,0.8400
DLN,123.6550
DLPN,10.1100
DLR,155.1500
DLS,76.6000
DLTH,15.7700
DLTR,99.8900
DLX,44.0300
DM,8.8200
DMAC,3.3100
DMDV,24.9895
DMLP,16.2000
DMRC,26.3900
DMRE,56.0961
DMRI,53.7500
DMRL,74.6245
DMRM,58.9697
DMRS,56.5300
DMTK,32.5700
DMXF,69.3331
DNB,18.9700
DNL,42.7769
DNLI,51.1300
DNMR,16.3600
DNN,1.0800
DNOW,9.6100
DNZ,9.7100
DOC,18.7200
DOCU,292.6600
DOG,33.3600
DOL,50.2786
DOMO,89.5500
DON,42.0000
DOO,44.0498
DOOO,84.7700
DOOR,113.7500
DORM,100.6800
DOV,169.6700
DOW,62.2300
DOX,76.3000
DOYU,3.7500
DPST,185.0400
DPW,2.3300
DPZ,540.4700
DQ,60.8400
DRD,10.7500
DRE,50.8700
DRH,8.4200
DRI,146.8300
DRIP,9.1700
DRIV,28.7700
DRN,24.2100
DRNA,36.9000
DRQ,29.6700
DRRX,1.3500
DRSK,29.9400
DRTT,4.6200
DRV,4.6550
DRW,26.5000
DS,2.4500
DSAC,9.7200
DSACU,10.0800
DSEP,32.2850
DSEY,17.2200
DSGX,72.8800
DSI,85.5800
DSKE,7.9700
DSL,18.0200
DSPG,16.8700
DSS,1.3700
DSTL,42.8100
DSTX,26.7406
DSU,11.2200
DSX,4.0800
DT,64.6000
DTD,121.3027
DTE,118.1300
DTEA,3.5490
DTEC,49.9400
DTH,40.0698
DTIL,9.8000
DTN,97.5800
DTP,51.2900
DUG,13.1500
DUK,106.6100
DUNE,9.7700
DUNEU,10.0309
DUNEW,0.7200
DURA,31.8682
DUSA,34.6000
DUSL,45.1700
DUST,17.7500
DVA,123.1500
DVAX,9.7400
DVLU,24.0100
DVN,26.2100
DVOL,28.8197
DVY,116.7900
DVYA,40.4248
DVYE,38.7400
DWAS,84.5200
DWIN,9.7900
DWLD,31.2500
DWM,55.6551
DWMC,36.2600
DWMF,26.6100
DWPP,33.1652
DWSH,8.7300
DWX,40.3500
DX,17.3600
DXC,43.4200
DXCM,521.2200
DXD,9.0200
DXGE,35.5025
DXJ,60.6800
DXJS,44.1603
DXPE,32.8400
DY,70.7500
DYAI,3.3400
DYN,17.5900
DYNF,37.3094
DZSI,16.2900
DZZ,2.7350
E,24.1400
EA,139.8000
EAD,8.9300
EAF,11.5600
EAGG,55.9800
EAOA,33.7983
EAOM,29.1899
EAOR,31.4287
EAR,35.7800
EARN,11.0500
EASG,31.4620
EAT,53.4700
EB,17.4200
EBAY,68.0100
EBC,18.2800
EBF,19.6500
EBIX,30.3700
EBIZ,31.6200
EBLU,48.0800
EBND,26.2600
EBON,2.2200
EBR,7.8500
EBR.B,8.0000
EBS,63.3800
EBSB,19.4900
EC,13.3900
ECC,13.5000
ECH,26.5500
ECHO,31.9500
ECL,219.3600
ECLN,23.9800
ECNS,52.6600
ECOL,37.1900
ECOM,23.2900
ECON,25.7300
ECOR,0.9900
ECPG,47.8500
ED,74.8500
EDC,89.7500
EDEN,112.7600
EDF,8.5700
EDI,9.5300
EDIT,42.1100
EDIV,29.5700
EDN,4.4850
EDOC,18.4600
EDOG,24.1200
EDOW,31.0400
EDRY,22.8900
EDSA,4.7900
EDTK,1.6500
EDTXW,0.5500
EDU,2.2200
EDUC,10.7100
EDUT,12.1700
EDV,143.1400
EDZ,8.7200
EEFT,132.7500
EELV,24.3500
EEM,52.1900
EEMA,87.0500
EEMD,23.1700
EEMO,18.6200
EEMS,62.4500
EEMV,62.5900
EEMX,77.6001
EES,48.4500
EET,95.9500
EEV,16.1742
EEX,4.1600
EFA,80.4600
EFAD,48.2060
EFAS,16.0100
EFAV,78.0900
EFAX,85.4100
EFC,18.2000
EFG,110.4600
EFIV,41.4200
EFIX,19.7950
EFNL,52.4800
EFO,53.4230
EFSC,45.2600
EFV,52.2200
EFX,259.6900
EFZ,17.9591
EGAN,11.4600
EGBN,55.4500
EGHT,25.7900
EGLE,41.8000
EGO,9.2300
EGP,174.7300
EGPT,25.9200
EGRX,47.9500
EGY,2.7900
EH,26.3500
EHC,83.9800
EHI,10.3900
EHTH,50.1300
EIDO,20.6700
EIG,41.4600
EIGR,7.8700
EIM,13.9300
EINC,53.8000
EIRL,58.6500
EIS,71.2850
EIX,55.3900
EJFAU,9.9900
EJUL,26.0850
EKAR,41.8517
EKSO,5.0800
EL,327.5400
ELAN,36.7200
ELAT,55.8400
ELD,32.4150
ELDN,6.7200
ELF,28.6100
ELLO,28.3000
ELMD,11.6600
ELMS,8.6800
ELMSW,1.6500
ELP,5.8900
ELS,83.8600
ELTK,6.8000
ELVT,4.0400
ELY,33.1900
ELYS,4.2500
EMAG,20.9700
EMAN,2.7500
EMB,112.5800
EMBD,27.0400
EMBH,23.6400
EMCB,75.9900
EMDV,58.4891
EME,120.7300
EMFM,20.0300
EMGF,52.9400
EMHY,45.2580
EMIF,23.8721
EMKR,8.5100
EMLC,31.1000
EMLP,24.4000
EMMF,25.7028
EMN,111.7700
EMNT,100.6950
EMQQ,51.9900
EMR,101.1600
EMSG,33.2584
EMSH,73.2900
EMTL,51.0350
EMTY,15.8682
EMXC,62.2000
EMXF,44.6063
ENB,39.4700
ENBL,8.2500
ENDP,4.6100
ENFR,19.3400
ENG,2.4000
ENIA,6.7600
ENIC,2.5300
ENLC,5.4200
ENLV,8.5600
ENNVU,10.0600
ENOB,5.1800
ENOR,28.3634
ENPC,9.7400
ENPH,192.6200
ENR,42.5200
ENS,98.1700
ENSG,85.2600
ENSV,1.2600
ENTA,43.1000
ENTG,122.7400
ENTR,25.8771
ENV,74.3600
ENVA,32.1900
ENVB,1.9200
ENVIU,10.1800
ENVXW,6.0100
ENZ,3.2900
ENZL,61.6700
EOG,73.6800
EOLS,11.3300
EOS,23.4100
EOSE,15.3200
EOSEW,6.0900
EPAC,25.7500
EPAM,571.2100
EPAY,40.2300
EPC,41.1200
EPD,22.4600
EPHE,28.9000
EPHY,9.7300
EPHYU,10.0400
EPHYW,1.1200
EPI,35.3300
EPIX,21.8600
EPM,4.2000
EPOL,21.9000
EPP,51.6800
EPR,49.8600
EPRF,24.4200
EPRT,29.5400
EPS,47.5000
EPU,26.9200
EPV,11.4012
EPZM,6.5600
EQ,5.8200
EQAL,45.6400
EQBK,30.4800
EQC,25.9700
EQD,9.7800
EQH,31.2400
EQHA,9.7000
EQIX,820.3100
EQL,102.0600
EQNR,20.2500
EQOS,5.1600
EQR,84.3400
EQRR,48.1200
EQT,17.8900
EQWL,82.1230
EQX,7.0500
ERC,13.0500
ERES,9.7600
ERESU,10.1700
ERESW,0.8510
ERF,6.2200
ERIC,11.6800
ERIE,184.0500
ERII,20.4700
ERJ,14.6100
ERM,25.2567
ERSX,23.4125
ERTH,67.4200
ERUS,44.4000
ERX,23.9800
ERY,15.8800
ES,87.8000
ESCA,22.9100
ESCR,22.5200
ESE,93.2000
ESEB,21.8100
ESG,108.2700
ESGC,1.0600
ESGD,80.5100
ESGE,42.8300
ESGG,143.9204
ESGN,27.8400
ESGR,257.2600
ESGS,36.2992
ESGU,101.2900
ESGV,82.2700
ESHY,21.1950
ESI,23.4200
ESLT,132.1700
ESML,39.5900
ESNT,45.1200
ESPO,66.8000
ESPR,14.2700
ESRT,10.7700
ESS,327.6800
ESTA,72.0000
ESTC,145.6600
ESTE,9.4500
ESXB,10.5600
ET,9.7100
ETAC,9.7500
ETACU,10.0500
ETACW,0.8800
ETH,23.6100
ETHO,61.1400
ETJ,11.4700
ETN,162.8100
ETNB,16.9200
ETON,5.8100
ETR,103.9700
ETRN,8.2600
ETSY,190.4600
ETTX,2.2800
ETV,16.5500
ETW,11.0400
ETWO,10.4400
EUCR,9.7500
EUCRW,0.8592
EUDG,34.9800
EUDV,55.6000
EUFN,19.8200
EUFX,43.1400
EUM,12.3050
EUO,23.7700
EURL,39.1000
EURN,8.4000
EURZ,27.6302
EUSA,86.0600
EUSB,50.2540
EUSC,36.3071
EUSG,9.7500
EUSGW,1.2600
EVA,53.9900
EVBG,139.9100
EVC,5.8800
EVER,25.1300
EVFM,0.7993
EVGN,2.9100
EVGO,9.1100
EVGOW,2.2100
EVH,23.0800
EVK,3.8600
EVLO,9.7500
EVLV,7.5500
EVLVU,8.2800
EVLVW,1.3800
EVOK,1.1200
EVOP,27.5300
EVR,128.6600
EVRG,66.3800
EVRI,23.6000
EVTC,42.5200
EVV,13.3400
EVX,146.0607
EW,114.7000
EWA,26.1700
EWBC,72.4900
EWC,37.2700
EWCO,38.1108
EWD,48.7100
EWEB,12.7800
EWG,34.6800
EWGS,83.2419
EWH,26.1800
EWI,32.5900
EWJ,68.2600
EWJV,28.1900
EWK,22.1450
EWL,50.6800
EWM,24.8000
EWMC,91.6423
EWN,50.2700
EWO,24.6600
EWP,28.2000
EWQ,38.9500
EWRE,37.9000
EWS,23.3700
EWSC,81.3690
EWT,64.4000
EWU,33.2900
EWUS,48.9400
EWW,49.8400
EWX,60.6100
EWY,90.0500
EWZ,38.1200
EWZS,18.1000
EXAS,104.2100
EXC,47.3800
EXEL,16.9700
EXG,10.2300
EXI,122.3900
EXK,5.2700
EXLS,117.6300
EXP,143.0900
EXPD,126.6200
EXPE,154.7800
EXPI,34.7700
EXPO,109.5300
EXPR,5.1400
EXR,176.5500
EXTN,4.4100
EXTR,11.4200
EYE,54.1200
EYEG,2.6200
EYEN,4.1800
EYES,3.8200
EYLD,38.6300
EYPT,8.5600
EZA,49.4400
EZM,52.8700
EZPW,5.6000
EZU,50.3500
F,14.0200
FAAR,30.1200
FAB,71.5100
FAD,120.5600
FAF,66.7000
FAIL,23.2400
FALN,30.0200
FAMI,0.4700
FAN,21.6300
FANG,80.5300
FANH,14.5300
FARM,9.7400
FARO,71.5300
FAS,110.1700
FAST,55.9300
FATE,83.2500
FAUG,37.1100
FAX,4.3500
FAZ,25.6300
FB,351.2400
FBC,47.1300
FBGX,744.0589
FBHS,100.1900
FBIO,3.1400
FBK,37.9700
FBMS,38.8400
FBNC,40.2700
FBND,53.8900
FBP,12.2400
FBRX,29.9700
FBT,170.9700
FBZ,14.0200
FC,37.7600
FCAL,55.3900
FCAX,9.8000
FCBC,29.9700
FCEF,25.2500
FCEL,6.2000
FCF,13.2600
FCFS,80.8300
FCG,14.0900
FCN,145.2300
FCNCA,790.0000
FCOM,54.5100
FCOR,56.5400
FCPT,28.5600
FCRD,4.6400
FCT,12.1900
FCTR,35.6000
FCVT,51.0900
FCX,36.6400
FDBC,52.3300
FDD,14.7300
FDEM,27.1756
FDEV,30.0452
FDHY,56.0500
FDIS,82.1100
FDIV,50.3400
FDL,33.8200
FDLO,49.1000
FDM,59.7903
FDMO,50.2500
FDN,242.0600
FDNI,41.6000
FDP,31.2800
FDRR,42.8300
FDS,357.9800
FDT,63.6231
FDTS,48.7250
FDUS,16.6800
FDVV,38.2700
FDX,280.8100
FE,38.5400
FELE,82.3300
FEM,27.5900
FEMB,34.4500
FEMS,44.7376
FENC,6.6200
FENG,1.3800
FENY,13.5900
FEP,44.1600
FERG,141.1100
FET,21.0900
FEUZ,47.5107
FEX,87.7500
FEYE,20.5700
FEZ,47.4500
FF,8.6700
FFBC,22.6300
FFEB,36.8800
FFHG,35.6661
FFHL,9.8500
FFIC,22.1600
FFIE,12.2300
FFIEW,2.7800
FFIN,48.3300
FFIU,26.8500
FFIV,212.9500
FFNW,16.4800
FFR,52.8700
FFSG,36.3083
FFTG,30.6654
FFTI,24.3400
FFTY,45.6500
FFWM,24.0100
FGD,25.9600
FGEN,13.2800
FGM,57.5993
FHB,27.4100
FHI,32.3500
FHLC,66.9100
FHN,15.6500
FI,2.7700
FIBK,42.8500
FIBR,101.3700
FICO,513.6100
FICS,35.8508
FID,18.2400
FIDI,20.7500
FIDU,54.8800
FIEE,203.2174
FIGB,51.0450
FIHD,233.2007
FILL,16.0400
FINM,9.7000
FINMU,10.0100
FINV,6.5100
FINX,47.4000
FIS,130.4000
FISI,30.4400
FISR,31.7115
FISV,108.2000
FITB,36.8400
FITE,52.0443
FIV,9.5400
FIVA,24.5800
FIVE,194.8200
FIVG,38.7200
FIVN,199.4000
FIW,88.5700
FIX,74.8900
FIXD,54.3000
FIXX,6.3700
FIZZ,45.5100
FJP,51.8471
FKU,44.3700
FL,55.5600
FLAU,30.7437
FLAX,27.7296
FLBL,24.8650
FLBR,23.6635
FLCA,33.1381
FLCB,25.7560
FLCH,28.1200
FLCO,26.5451
FLDM,7.0000
FLDR,50.9650
FLEE,29.6552
FLEX,17.7300
FLFR,31.8100
FLGB,25.3400
FLGE,740.2461
FLGR,27.0577
FLGT,100.4600
FLGV,24.4600
FLHK,28.0600
FLHY,26.4850
FLIA,25.3900
FLIC,21.2800
FLIN,30.7700
FLIY,27.5050
FLJH,30.5277
FLJP,30.0500
FLKR,32.0458
FLL,8.0300
FLLA,24.7604
FLLV,48.5463
FLM,54.5550
FLMB,27.5400
FLMI,27.1100
FLMN,4.7800
FLMX,24.8702
FLN,19.4444
FLNT,2.4600
FLO,23.5000
FLOT,50.7800
FLOW,82.9800
FLQD,35.2040
FLQE,30.9197
FLQG,40.9899
FLQH,28.7388
FLQL,44.4500
FLR,16.9500
FLRN,30.6400
FLRT,48.7700
FLRU,30.6373
FLS,43.2300
FLSA,34.2808
FLSP,20.4502
FLSW,34.7950
FLT,251.2900
FLTB,52.5700
FLTR,25.3800
FLTW,45.0735
FLUX,9.7000
FLWS,31.2700
FLXN,6.0400
FLXS,34.1700
FLYT,50.5363
FLZA,26.5740
FM,33.1400
FMAC,9.7700
FMAT,46.8500
FMAY,36.7524
FMB,57.6700
FMBH,41.5500
FMBI,18.1200
FMC,106.7800
FMF,48.0701
FMHI,56.7600
FMNB,15.5200
FMS,39.9800
FMTX,23.4200
FMX,89.1500
FN,93.0200
FNB,11.5600
FNCL,52.6100
FND,124.2600
FNDA,53.0700
FNDB,54.7400
FNDC,39.7500
FNDE,31.7600
FNDF,33.4500
FNDX,55.2600
FNF,43.7400
FNGD,2.5400
FNGO,45.3837
FNGS,31.2600
FNGU,36.0700
FNHC,2.6300
FNI,54.3376
FNK,44.8100
FNKO,19.4400
FNV,161.2800
FNX,99.4728
FNY,73.5000
FOCS,51.6900
FOE,20.7900
FOLD,9.3300
FONR,16.8100
FOR,20.5500
FORD,2.6100
FORM,37.8600
FORR,44.9900
FORTY,87.5700
FOSL,12.5600
FOUR,88.1500
FOVL,54.9579
FOX,32.8200
FOXA,35.0300
FOXF,161.0900
FOXWW,0.6215
FPA,35.2466
FPAC,9.8900
FPE,20.6700
FPEI,20.7700
FPF,25.9400
FPH,8.2900
FPI,12.3500
FPX,127.1300
FPXI,67.2700
FQAL,51.4700
FR,54.9900
FRA,13.3600
FRAK,117.1000
FRBK,3.6900
FRC,196.3100
FRDM,33.9550
FREE,12.6900
FREEW,1.7700
FREL,31.7400
FREQ,8.3000
FRG,34.5700
FRGI,13.5400
FRHC,63.8200
FRI,29.2700
FRLG,320.2010
FRME,40.5300
FRO,7.8400
FROG,42.9300
FRONU,9.9800
FRPH,58.7000
FRPT,140.7100
FRSGU,9.9900
FRST,15.6500
FRSX,3.4700
FRT,116.7000
FRTA,23.5200
FSBW,34.9000
FSD,15.8500
FSI,3.7500
FSK,20.9300
FSLR,92.3400
FSLY,46.2300
FSM,4.7100
FSMB,20.9600
FSMD,34.1000
FSP,5.0500
FSR,14.8000
FSS,38.8600
FSSI,9.7000
FSSIW,1.0200
FSTA,43.3500
FSTR,18.1500
FSTX,5.4000
FSV,186.2100
FSZ,70.5450
FTA,66.4200
FTAAU,10.1663
FTAG,29.8546
FTAI,27.0000
FTC,113.9900
FTCH,46.7500
FTCS,78.5900
FTCV,10.0900
FTCVU,10.9399
FTCVW,2.1200
FTDR,51.0500
FTEC,122.1200
FTEK,1.9200
FTF,9.2900
FTFT,2.3700
FTGC,24.0000
FTHI,21.2900
FTI,7.2800
FTK,1.7000
FTLB,21.1905
FTLS,49.3600
FTNT,297.7600
FTRI,14.7700
FTS,45.3500
FTSD,94.9600
FTSI,19.6700
FTSL,47.7900
FTSM,59.9400
FTV,74.5700
FTXD,34.5100
FTXG,24.7800
FTXH,26.6382
FTXL,68.3700
FTXN,16.4500
FTXO,30.5000
FTXR,32.4500
FUBO,25.9900
FUL,64.7400
FULC,7.2800
FULT,15.4400
FUMB,20.1950
FUN,41.6200
FURY,0.9810
FUSE,9.9100
FUT,40.4556
FUTU,107.5200
FUTY,43.2600
FUV,17.1800
FV,47.7300
FVAL,49.4300
FVC,36.5685
FVCB,19.2500
FVD,40.8400
FVE,5.3900
FVRR,230.1200
FVT,9.7600
FWAA,12.4100
FWDB,26.1200
FWONA,41.1600
FWONK,46.8500
FWRD,89.2100
FXA,73.5097
FXB,134.1600
FXC,78.2701
FXD,61.7700
FXE,110.8099
FXF,100.1200
FXG,56.2600
FXH,123.0600
FXI,40.8100
FXL,126.4100
FXN,10.4300
FXO,43.7300
FXP,36.4640
FXR,59.9900
FXU,31.2000
FXY,86.3000
FXZ,57.8300
FYC,71.3600
FYLD,27.8250
FYT,50.2900
FYX,91.3800
G,49.6000
GAA,32.2200
GABC,37.8400
GAIA,11.1600
GAIN,14.5500
GAL,46.6800
GALT,2.9900
GAMR,88.1385
GAN,15.3300
GANX,8.0000
GATO,13.9400
GATX,91.8200
GAU,1.0300
GBCI,52.1800
GBDC,15.8700
GBF,124.1150
GBIL,100.0900
GBIO,22.7300
GBL,27.2800
GBLI,26.1907
GBNH,10.2600
GBOX,9.7300
GBR,4.5500
GBS,3.0500
GBT,26.8900
GBX,43.2000
GCC,22.1600
GCI,5.5700
GCMG,10.1100
GCO,57.4000
GCOR,49.6300
GCOW,31.9303
GCP,23.5900
GD,197.3200
GDDY,84.0500
GDEN,45.6600
GDMA,32.1872
GDOT,44.8400
GDRX,31.6400
GDS,56.6900
GDX,35.0900
GDXJ,45.9800
GDYN,20.4500
GE,103.0600
GECC,3.3500
GEF,61.9200
GEF.B,61.2500
GEL,10.1000
GEM,39.0700
GENE,3.4600
GENI,16.3300
GENY,62.8600
GEO,6.8700
GEOS,8.6600
GER,10.5300
GERM,42.6000
GERN,1.2200
GES,22.3800
GEVO,5.8400
GFF,22.8300
GFI,9.9500
GFL,34.5500
GFLU,80.3500
GFX,9.7000
GGAL,8.0200
GGB,5.9900
GGG,79.7100
GGPIU,10.3200
GH,110.4900
GHACU,9.9077
GHC,659.5100
GHG,9.4900
GHL,14.6500
GHM,14.1600
GHSI,1.3400
GHY,15.6800
GHYB,49.9900
GHYG,50.4348
GIB,90.9500
GIC,38.6200
GIGB,55.4986
GIGE,35.4900
GIGGU,10.0500
GIGM,2.7300
GIII,30.2400
GIIXU,10.0000
GIL,34.7800
GILD,69.8300
GILT,10.2400
GIM,5.5800
GINN,61.6013
GIS,59.3900
GKOS,49.4100
GL,92.3500
GLAD,11.5000
GLAQ,9.9700
GLAQU,10.6000
GLBLU,9.9000
GLBS,2.8300
GLCN,42.4969
GLD,169.4900
GLDD,14.6000
GLDG,1.3800
GLDI,8.7500
GLG,0.7700
GLHAU,10.0400
GLIF,27.4600
GLIN,41.0654
GLL,33.1099
GLMD,2.8000
GLNG,11.1200
GLO,12.7300
GLOB,238.4300
GLOP,3.9700
GLP,27.1400
GLPG,61.0000
GLPI,46.0200
GLRE,8.7000
GLT,15.6800
GLTR,96.1491
GLW,41.7000
GLYC,2.0300
GM,57.8800
GMAB,46.2700
GMBT,9.8400
GMBTW,1.2400
GMDA,5.3400
GME,152.7500
GMED,82.6300
GMF,126.2200
GMII,9.8800
GMIIW,1.4100
GMOM,29.8250
GMRE,15.3500
GMS,48.5500
GNAC,9.7200
GNACW,1.1400
GNCA,2.0300
GNE,5.8200
GNFT,3.9150
GNK,17.5700
GNL,18.2700
GNLN,3.3500
GNMA,50.1900
GNOG,11.4500
GNOM,23.0100
GNPX,2.9400
GNR,53.3400
GNRC,402.0900
GNSS,5.2700
GNTX,33.8900
GNTY,33.5100
GNUS,1.5600
GNW,3.4000
GO,33.5800
GOAC,9.8000
GOAT,39.7994
GOAU,19.8600
GOEV,7.8400
GOEVW,1.9440
GOEX,31.1701
GOF,21.8100
GOGL,9.7900
GOGO,10.4500
GOL,7.7500
GOLD,21.7200
GOLF,53.4400
GOOD,22.7000
GOOG,2725.6000
GOOGL,2712.6000
GOOS,42.3000
GORO,2.0900
GOSS,7.8500
GOTU,3.7100
GOVT,26.9650
GOVZ,22.3286
GP,17.1300
GPACU,9.9400
GPACW,1.0900
GPC,128.1600
GPI,169.1200
GPK,19.2300
GPL,0.6100
GPMT,14.1300
GPN,169.5700
GPP,13.4100
GPRE,37.7800
GPRK,12.0200
GPRO,10.0700
GPS,29.4600
GPX,20.6100
GQRE,68.7410
GRA,69.5600
GRAY,3.9600
GRBK,25.8300
GRC,35.5800
GRCL,11.1800
GREK,28.2900
GRES,29.1400
GRFS,15.2100
GRID,98.2600
GRIN,10.9100
GRMN,160.9800
GRNB,27.6085
GRP.U,68.2100
GRPN,36.7200
GRSV,10.5000
GRSVU,11.0200
GRSVW,2.3500
GRTS,6.7000
GRTX,8.2300
GRU,4.4900
GRUB,17.7100
GRVY,98.1900
GRWG,40.9100
GS,380.3600
GSAH,10.0000
GSAQ,9.7100
GSAQW,0.8401
GSAT,1.3500
GSBC,52.4800
GSBD,19.2700
GSEE,55.3416
GSEU,37.9087
GSEW,68.7400
GSG,16.0200
GSHD,119.9900
GSID,57.6261
GSIE,35.6500
GSIG,50.4100
GSJY,37.6686
GSK,40.6400
GSKY,7.5800
GSL,17.1500
GSLC,88.9300
GSM,5.9100
GSP,15.3551
GSS,2.6100
GSSC,63.6200
GSST,50.7100
GSV,0.5600
GSY,50.5000
GT,15.7100
GTE,0.6251
GTEC,6.6700
GTES,18.3200
GTH,14.1300
GTHX,16.8200
GTIP,58.7300
GTLS,164.2600
GTN,22.0800
GTO,57.6500
GTPAU,10.0100
GTPBU,10.0400
GTS,24.4200
GTX,7.2100
GTY,31.3300
GUNR,38.2300
GURU,48.3623
GUSH,69.2200
GVA,39.1900
GVAL,23.2564
GVI,116.4300
GVIP,101.3279
GWB,31.3300
GWRE,114.5100
GWW,445.9500
GWX,39.1200
GXC,115.9100
GXF,32.0800
GXG,26.1800
GXIIU,9.9201
GXTG,50.4600
GYLD,14.9102
H,75.8000
HA,19.2300
HAAC,9.7500
HAACU,10.0900
HAACW,1.3900
HACK,62.8400
HAE,60.3800
HAFC,18.5100
HAIL,58.1300
HAIN,40.4000
HAL,20.3700
HALL,4.8300
HALO,40.3000
HAP,46.1727
HAPP,1.2800
HARP,9.8600
HAS,100.3800
HASI,57.7300
HAUZ,28.7800
HAWX,32.4373
HAYN,36.6400
HBAN,14.4500
HBB,19.6500
HBCP,35.2900
HBI,18.6800
HBIO,8.2900
HBM,6.9700
HBNC,16.9300
HBT,16.2500
HCA,253.5100
HCAT,57.4100
HCC,19.4100
HCCC,9.8100
HCCCW,0.6800
HCCI,28.9300
HCDI,2.9800
HCHC,3.5700
HCI,101.5500
HCIC,9.9300
HCICU,10.2500
HCICW,1.5100
HCII,9.7800
HCIIW,1.1300
HCKT,17.8200
HCM,42.8000
HCRB,41.6100
HCSG,26.0500
HD,331.9400
HDAW,26.0559
HDB,72.1300
HDEF,24.6400
HDG,51.6520
HDGE,24.3000
HDLB,16.0200
HDMV,32.5000
HDRO,21.1600
HDSN,3.5900
HDV,97.8400
HE,43.8300
HEAR,29.6800
HEDJ,78.7700
HEEM,31.2928
HEES,34.5200
HEFA,34.6000
HEI,132.3300
HEI.A,117.9900
HELE,228.4400
HELX,53.8900
HEP,19.1100
HEPA,1.4600
HERAU,9.9900
HERD,34.6328
HERO,29.7100
HES,74.9800
HESM,26.2200
HEWC,32.2180
HEWG,32.9300
HEWJ,38.2200
HEWU,22.8649
HEWW,18.2284
HEXO,3.9500
HEZU,36.7900
HFC,29.5600
HFFG,5.1400
HFRO,10.2300
HFWA,24.2800
HFXI,25.1176
HGEN,15.8800
HGV,39.9800
HHC,89.7700
HHR,41.9200
HI,44.8000
HIBB,89.4600
HIBL,62.9400
HIBS,11.9400
HIFS,297.6100
HIG,65.2100
HIGA,9.7800
HII,204.3600
HIIIU,9.9100
HIL,2.1800
HIMS,8.1700
HIMX,13.7400
HIO,5.2400
HIPS,15.4300
HIW,46.5400
HIX,7.5400
HJEN,21.1500
HJLI,7.0000
HJPX,34.3729
HL,6.6200
HLAH,9.6800
HLAHW,0.9300
HLF,50.7700
HLI,83.6300
HLIO,80.5900
HLIT,10.6300
HLLY,11.6500
HLMN,12.4000
HLMNW,3.0000
HLNE,87.0900
HLT,126.0800
HLX,4.2200
HMC,32.8600
HMHC,11.6800
HMLP,5.2200
HMN,38.9300
HMOP,42.2900
HMPT,5.0900
HMST,38.5000
HMTV,12.6000
HMY,4.2100
HNDL,25.8500
HNGR,25.4400
HNI,38.3000
HNP,14.3500
HNRG,2.8500
HOFT,32.9700
HOFV,2.9100
HOG,39.9000
HOLD,98.6600
HOLI,19.8700
HOLX,75.7400
HOMB,21.3400
HOMZ,41.3687
HON,232.6500
HONE,13.7100
HOOK,7.4600
HOPE,13.4700
HOV,106.7100
HP,28.4100
HPE,14.8500
HPK,10.6300
HPP,26.3900
HPQ,29.5300
HQY,72.1700
HR,31.3500
HRB,24.6600
HRC,138.7300
HRI,124.6500
HRL,46.3000
HRMY,27.1700
HROW,9.0700
HRTG,7.0700
HRTX,11.9300
HRZN,17.2700
HSBC,27.8600
HSC,20.2000
HSCZ,36.9806
HSIC,80.3700
HSII,41.7100
HSKA,254.2600
HSRT,41.0450
HST,15.7900
HSTM,29.9800
HSTO,0.8503
HSY,179.8500
HT,9.1300
HTA,28.3000
HTAB,21.8150
HTBI,26.2700
HTBK,11.0500
HTBX,6.3600
HTEC,47.5800
HTGC,17.4700
HTGM,6.2300
HTH,32.2900
HTHT,43.6500
HTLD,17.0800
HTLF,45.5700
HTPA,9.7500
HTRB,41.3500
HTUS,33.5310
HUBB,201.2600
HUBG,66.7900
HUBS,583.8900
HUGE,1.7000
HUM,425.4900
HUN,25.9900
HURC,34.6100
HURN,47.3000
HUSN,3.1100
HUSV,33.2977
HUYA,11.8600
HVT,36.6200
HWC,43.1000
HWKN,35.5100
HWM,33.0000
HX,1.6100
HXL,55.5500
HY,69.5900
HYB,9.2100
HYBB,52.3046
HYD,63.7700
HYDB,51.6466
HYDW,50.7810
HYEM,23.5100
HYFM,49.0200
HYG,87.4400
HYGH,87.0900
HYGV,49.7500
HYHG,62.1000
HYLB,40.0400
HYLD,32.3461
HYLN,9.4300
HYLS,48.3000
HYLV,25.1950
HYMB,60.9800
HYMCW,0.3800
HYMU,26.8900
HYRE,16.5700
HYS,98.8800
HYT,12.5400
HYTR,24.1850
HYUP,47.9483
HYW,5.4100
HYXF,52.3900
HYXU,56.5450
HYZD,22.0500
HYZNW,1.7700
HZAC,9.8900
HZNP,99.7600
HZO,53.6100
HZON,9.7600
IAA,60.7800
IAC,134.7600
IAG,2.7700
IAGG,55.9100
IAI,103.4200
IAK,77.9302
IART,70.6200
IAT,56.4000
IAU,34.4900
IAUF,55.4850
IBA,43.3400
IBB,169.4000
IBCE,24.7300
IBCP,21.3400
IBD,26.5100
IBDD,26.9950
IBDM,24.7500
IBDN,25.3300
IBDO,26.0300
IBDP,26.3850
IBDQ,27.0700
IBDR,26.7600
IBDS,27.2600
IBDT,29.1600
IBDU,27.1400
IBDV,25.8600
IBHA,24.1200
IBHB,24.1995
IBHC,24.6250
IBHD,24.6600
IBHE,24.9593
IBHF,25.4758
IBIO,1.2300
IBKR,61.3200
IBM,144.0700
IBMJ,25.5950
IBMK,26.2100
IBML,26.0950
IBMM,27.0550
IBMN,28.1300
IBMO,27.1100
IBMP,27.3000
IBMQ,27.5950
IBN,18.8100
IBND,36.7800
IBOC,39.2300
IBP,121.0300
IBRX,11.2700
IBTA,25.3500
IBTB,25.4250
IBTD,25.6700
IBTE,25.7850
IBTH,25.8750
IBTI,25.9150
IBTX,70.4600
IBUY,120.7400
ICAD,14.5300
ICD,3.1100
ICE,119.1200
ICF,68.6900
ICFI,88.3900
ICHR,47.5700
ICL,7.3700
ICLK,5.1500
ICLN,23.1700
ICLR,244.0800
ICMB,6.2800
ICOL,9.3950
ICON,3.1500
ICOW,32.6085
ICPT,16.6400
ICSH,50.5000
ICUI,191.2000
ICVT,100.0500
IDA,106.9000
IDCC,69.1100
IDE,13.2000
IDEV,68.7800
IDEX,2.3700
IDHD,27.4852
IDHQ,31.8750
IDLB,31.3722
IDLV,32.0000
IDMO,35.0839
IDN,8.9100
IDNA,51.0803
IDOG,28.4800
IDRA,1.1100
IDRV,50.7000
IDT,50.6800
IDU,82.6600
IDV,32.6200
IDX,18.3000
IDXX,695.6700
IDYA,24.5100
IEA,12.1300
IEAWW,1.9000
IEC,10.6300
IECS,33.0573
IEDI,45.5851
IEF,118.1800
IEFA,76.4700
IEI,131.9600
IEIH,36.5118
IEME,36.8793
IEMG,63.9100
IEO,51.4200
IEP,58.2500
IESC,54.8300
IEUR,58.9400
IEUS,72.7200
IEV,54.7400
IEX,228.7700
IEZ,13.4100
IFF,150.1100
IFFT,50.7100
IFGL,30.1900
IFMK,1.2200
IFRA,36.0600
IFRX,2.5300
IFS,20.0100
IFV,24.0940
IG,27.0747
IGAC,9.7400
IGACU,10.3183
IGACW,0.9630
IGBH,25.2000
IGC,1.7700
IGD,6.0000
IGE,28.9700
IGEB,54.7000
IGF,46.0700
IGHG,75.4300
IGIB,61.1600
IGLB,71.8800
IGM,414.2900
IGMS,66.2600
IGN,73.6215
IGNY,9.7000
IGOV,53.4400
IGR,9.0200
IGRO,67.4750
IGSB,54.8900
IGT,19.1200
IGV,403.5300
IHAK,44.2200
IHDG,45.8200
IHE,196.1500
IHF,273.2100
IHG,65.2000
IHI,63.8200
IHIT,9.8700
IHRT,25.5200
IHTA,9.8600
IHY,25.4850
IHYF,25.7500
IIAC,9.9100
IIGD,26.8600
IIGV,27.9800
III,5.9500
IIII,9.7800
IIIIW,1.0500
IIIN,39.2900
IIIV,30.7000
IIN,21.9300
IIPR,213.5400
IIVI,67.0000
IJAN,26.8750
IJH,270.2500
IJJ,105.2300
IJK,81.7700
IJR,110.5700
IJS,101.0100
IJT,132.8600
IJUL,24.5400
ILCB,62.4158
ILCG,67.1600
ILCV,65.6764
ILF,30.1400
ILMN,498.4200
ILPT,26.9100
ILTB,74.2650
IMAB,78.1400
IMAX,15.6000
IMBI,6.7000
IMCB,67.8700
IMCG,70.7000
IMCV,64.1601
IMGN,5.6500
IMH,1.6420
IMKTA,59.4900
IMLP,12.4871
IMMR,7.4000
IMO,27.8600
IMOM,36.6100
IMOS,40.1900
IMPX,9.7500
IMRA,5.9400
IMTB,51.8076
IMTM,39.7000
IMUX,9.0400
IMVT,7.0100
IMXI,15.9000
INBK,30.4100
INBX,27.3200
INCO,55.2737
INCY,77.9500
INDA,45.8100
INDB,71.9800
INDF,34.9758
INDI,8.5500
INDL,54.9000
INDS,45.9928
INDT,67.5100
INDY,47.9700
INFI,2.6600
INFL,30.2300
INFN,9.8600
INFO,117.9000
INFR,31.1100
INFU,20.3200
INFY,22.8800
ING,13.0200
INGN,78.1400
INGR,87.7200
INKM,35.7792
INMB,14.6900
INMD,115.1900
INMU,25.7950
INN,8.7200
INNV,16.6100
INO,8.6100
INOD,6.9600
INOV,38.0000
INPX,1.0400
INS,33.0200
INSE,11.7400
INSG,8.5300
INSM,24.0400
INSP,187.0000
INST,20.1500
INSW,16.3800
INT,33.8600
INTC,54.0600
INTF,30.4900
INTU,530.1800
INUV,0.8000
INVA,15.1900
INVH,40.4100
INVZ,8.6500
IO,1.4000
IONS,37.8100
IOO,73.5200
IOSP,87.9100
IOVA,22.7100
IP,58.7100
IPA,7.1200
IPAC,66.8400
IPAR,78.0500
IPAY,69.6300
IPDN,1.3800
IPFF,16.7841
IPG,36.0300
IPGP,177.6900
IPI,34.0200
IPKW,45.1500
IPO,63.5500
IPOD,10.0300
IPOF,9.9100
IPOS,33.4000
IQ,11.2100
IQDE,24.6703
IQDF,26.6400
IQDG,41.5000
IQDY,31.1993
IQIN,33.0622
IQLT,39.7600
IQM,49.5377
IQSI,30.2180
IQSU,38.1981
IQV,249.9800
IR,49.6700
IRBO,43.5600
IRBT,85.4800
IRDM,41.5600
IRM,43.9100
IRMD,33.9900
IRS,4.3400
IRT,19.8800
IRTC,51.1000
IRWD,13.0000
IS,8.8200
ISBC,13.9500
ISCB,56.6672
ISCF,37.9385
ISCG,50.2700
ISCV,56.8900
ISDX,31.1900
ISEE,8.8300
ISEM,28.9722
ISHG,82.4300
ISMD,35.9100
ISR,0.6761
ISRA,47.8274
ISRG,999.6100
ISTB,51.3400
ISZE,31.9819
IT,293.6700
ITA,108.5600
ITB,72.6100
ITCB,3.7200
ITCI,34.5600
ITEQ,69.6300
ITGR,95.6300
ITHXU,9.9800
ITI,5.9600
ITIC,166.1000
ITM,52.1000
ITMR,19.8900
ITOS,24.7900
ITOT,101.1500
ITQRU,10.0000
ITRI,97.6200
ITRM,0.7900
ITRN,24.7700
ITT,98.2600
ITUB,5.9000
ITW,230.6200
IUS,38.0400
IUSB,53.9700
IUSG,105.2350
IUSS,38.6200
IUSV,72.8600
IVAC,5.4400
IVAL,29.1016
IVAN,9.8800
IVC,6.9800
IVE,149.6400
IVES,51.2251
IVLU,26.1400
IVOG,202.9592
IVOL,28.2600
IVOO,182.8300
IVOV,161.5300
IVR,3.4200
IVV,443.0200
IVW,75.9300
IVZ,24.5000
IWB,248.6800
IWC,144.1800
IWD,160.9000
IWF,282.1300
IWFH,27.8250
IWL,106.0058
IWM,220.8600
IWN,160.0900
IWO,299.3600
IWP,114.8800
IWR,80.2600
IWS,116.2100
IWV,261.7600
IWX,67.4600
IWY,157.2900
IX,90.5200
IXC,25.1800
IXG,77.6200
IXJ,87.3500
IXN,58.5000
IXP,85.8700
IXSE,34.1700
IXUS,73.2400
IYC,78.1000
IYE,26.9800
IYF,82.4000
IYG,186.2500
IYH,290.1300
IYJ,112.8700
IYK,187.6600
IYLD,24.4200
IYM,132.3900
IYR,106.6900
IYT,252.4400
IYW,104.0300
IYY,110.9300
IYZ,34.0900
IZEA,2.1900
IZRL,30.1400
J,129.4600
JAAA,50.4700
JACK,104.8600
JAGG,55.1200
JAGX,1.4000
JAKK,14.4900
JAMF,31.3100
JAN,7.8900
JAX,13.8000
JAZZ,171.5000
JBGS,31.9500
JBHT,171.2200
JBL,60.0100
JBLU,14.7800
JBSS,92.4600
JBT,146.2400
JCI,72.2900
JCIC,9.7100
JCICW,0.7927
JCOM,142.1500
JCPB,55.1650
JD,70.2400
JDIV,32.8100
JDST,10.5100
JEF,33.7300
JELD,26.8000
JETS,22.7300
JFIN,3.9600
JFR,9.7800
JFU,1.7600
JGH,16.1500
JGLD,24.7175
JHCB,26.1876
JHCS,38.4516
JHEM,30.5025
JHG,41.4900
JHMA,46.7215
JHMC,53.3075
JHMD,34.4600
JHME,19.3409
JHMF,50.6300
JHMH,50.4378
JHMI,53.1160
JHML,55.8661
JHMM,52.7400
JHMT,92.6500
JHMU,33.3100
JHSC,34.7700
JHX,34.0400
JIG,78.9300
JIGB,56.6900
JILL,23.2100
JJG,63.8218
JJSF,164.4300
JKHY,175.8300
JKS,57.0900
JLL,221.3500
JMBS,53.3800
JMIA,21.3500
JMIN,36.2688
JMOM,44.9860
JMST,51.0900
JMUB,55.6350
JNCE,5.1800
JNJ,174.3900
JNK,109.2000
JNPR,29.0500
JNUG,78.0800
JOBS,70.2900
JOE,44.4800
JOET,30.5750
JOFFU,9.9600
JOUT,117.8500
JOYY,33.6157
JPC,10.0200
JPEM,58.9700
JPHY,52.2400
JPIB,51.5190
JPIN,63.0700
JPM,152.8900
JPMB,49.9800
JPME,89.6900
JPN,32.8152
JPS,10.0200
JPSE,43.5384
JPST,50.7250
JPUS,99.0500
JPXN,72.4929
JQC,6.6000
JQUA,42.4085
JRO,9.6500
JRVR,36.4400
JSCP,50.3000
JSMD,68.0000
JSML,68.0600
JUPW,1.8600
JUST,64.1406
JVA,5.5000
JVAL,36.8400
JW.A,59.4500
JWN,34.6300
JXI,62.1000
JYAC,9.6900
JYNT,85.8700
K,63.6100
KAI,180.6500
KAIR,9.6900
KAIRW,0.6800
KALA,3.4500
KALL,31.5937
KALU,122.5100
KALV,20.6500
KAMN,43.8700
KAR,16.8100
KARS,47.7900
KB,45.1900
KBA,45.5800
KBAL,12.3800
KBE,49.9300
KBH,42.7700
KBND,34.9400
KBNT,4.1800
KBR,38.8900
KBUY,23.8313
KBWB,63.6600
KBWD,20.1300
KBWP,76.6200
KBWR,57.4100
KBWY,23.8000
KC,29.2400
KCE,95.4400
KDFI,22.0450
KDMN,4.5200
KDNY,12.6700
KDP,34.8200
KE,20.4700
KELYA,22.1500
KEMQ,28.9600
KEMX,32.3369
KEN,35.5400
KEP,10.9300
KERN,3.4700
KESG,31.1500
KEX,57.3800
KEY,20.0100
KEYS,166.7100
KFRC,63.0900
KFVG,27.0900
KFY,68.3800
KFYP,30.8300
KGC,6.5200
KGRN,47.8900
KHC,38.9400
KIDS,65.5100
KIE,38.2300
KIIIU,9.9200
KIM,20.7800
KIN,9.2100
KINS,7.7850
KINZ,9.8600
KINZU,10.1700
KINZW,0.7705
KIRK,19.5000
KJAN,30.9202
KKR,64.8000
KL,43.5900
KLAC,346.8900
KLAQW,0.8600
KLCD,33.0645
KLDO,5.6700
KLDW,47.7278
KLIC,53.7800
KLXE,5.4500
KMB,135.6400
KMDA,5.7800
KMED,33.8100
KMF,7.2100
KMI,17.4800
KMPH,9.8900
KMPR,62.7300
KMT,37.9400
KMX,139.7000
KN,20.1200
KNDI,5.1300
KNG,54.7500
KNGS,27.1700
KNOP,18.2900
KNSA,13.6900
KNSL,174.1600
KNTE,20.0000
KNX,49.7900
KO,56.9200
KOCT,26.8350
KOD,82.8200
KODK,7.4200
KOF,57.1900
KOIN,43.4800
KOKU,83.3567
KOLD,16.6700
KOMP,63.5300
KOP,30.9100
KOPN,5.4000
KORP,52.9000
KORU,39.5800
KOS,2.2100
KPLT,8.7600
KPTI,7.7700
KR,42.6200
KRA,38.5800
KRC,66.3800
KRE,63.1100
KREF,21.0200
KRG,19.7800
KRKR,1.9800
KRMA,32.3500
KRMD,3.4600
KRNLU,10.0350
KRNT,128.2400
KRNY,12.4400
KRO,13.7800
KROS,34.7800
KRTX,109.0000
KRYS,58.2000
KSA,40.5900
KSCD,27.6293
KSICU,9.9900
KSMT,9.9600
KSMTW,1.1400
KSS,51.2500
KSTR,26.6650
KSU,266.8200
KT,14.5500
KTB,57.5000
KTOS,27.1100
KTRA,1.5000
KURA,18.1500
KURE,41.1700
KURIU,10.2100
KVSA,9.8600
KVSB,10.3000
KVSC,9.8500
KW,20.2600
KWEB,49.5900
KWR,257.3700
KWT,32.6800
KXI,61.9400
KXIN,1.7900
KYMR,60.0000
KYN,7.8900
KZR,4.8500
L,53.5800
LABD,23.8000
LABP,11.4600
LABU,56.3500
LAC,13.7900
LAD,365.0600
LADR,10.9200
LAKE,25.8900
LAMR,107.1200
LANC,195.6200
LAND,23.0500
LASR,31.4700
LATNW,0.8700
LAUR,15.1300
LAWS,52.5000
LAZ,47.2000
LAZR,17.6400
LBAI,16.3300
LBC,13.0200
LBJ,81.6891
LBPH,8.8500
LBRDA,175.0100
LBRDK,180.9300
LBRT,10.2400
LBTYA,27.4400
LBTYK,27.5300
LC,26.0600
LCAAU,9.9750
LCAHU,9.9900
LCAP,9.8000
LCAPU,10.2100
LCAPW,0.9199
LCI,4.6800
LCID,23.5800
LCIDW,11.0500
LCII,143.2700
LCR,30.5781
LCTX,2.6100
LDEM,62.5999
LDHAU,9.9079
LDI,9.5900
LDL,61.4100
LDOS,95.3900
LDRS,27.5430
LDSF,20.2300
LDUR,101.7600
LE,40.3600
LEA,173.6000
LEAD,55.5870
LEAP,10.3000
LECO,139.5900
LEDS,8.4800
LEE,29.8500
LEG,48.8100
LEGAU,9.9952
LEGH,18.1100
LEGN,44.8300
LEGO,10.2700
LEGOW,1.8950
LEGR,42.8400
LEMB,43.5300
LEN,107.2900
LEN.B,88.1500
LESL,24.2800
LEU,22.7200
LEVI,28.0400
LFC,8.4300
LFEQ,40.9616
LFMD,9.6900
LFTR,9.7600
LFTRU,10.0550
LFTRW,1.0800
LFUS,265.4800
LFVN,7.9900
LGACU,9.9339
LGF.A,14.7000
LGF.B,13.1700
LGH,41.6200
LGHL,2.0000
LGIH,163.0400
LGLV,138.9800
LGND,111.0500
LGOV,28.3150
LGVN,5.7000
LH,300.0800
LHC,9.7000
LHCG,214.7500
LHDX,9.4300
LHX,231.3700
LI,32.5400
LIFE,4.5500
LII,332.4300
LILA,13.3300
LILAK,13.4400
LIN,302.9200
LINC,7.3700
LIND,13.2200
LIQT,5.8600
LIT,81.8300
LITB,1.3500
LITE,81.5300
LIVN,83.4900
LIVX,3.4300
LJPC,3.6400
LKCO,1.4300
LKFN,67.5100
LKOR,62.0391
LKQ,52.1100
LL,19.1300
LLNW,2.8000
LLY,255.9900
LMACA,10.1400
LMACU,10.4700
LMACW,1.9600
LMAT,55.9500
LMB,8.9700
LMBS,50.8500
LMND,86.9300
LMNR,18.0300
LMT,369.4500
LNC,62.0500
LNDC,10.8000
LNFA,9.9200
LNG,86.1600
LNN,164.8300
LNT,59.9800
LNTH,26.6100
LOB,58.1200
LOCO,18.2100
LODE,2.9900
LOGI,108.7200
LOKB,9.9000
LOMA,7.7400
LOOP,10.5200
LOPE,91.6100
LORL,35.9900
LOTZ,4.4600
LOTZW,1.2700
LOUP,51.5645
LOVE,59.3200
LOW,193.9500
LOWC,129.0888
LPCN,1.3600
LPG,13.1900
LPI,52.7500
LPL,9.6700
LPLA,136.9500
LPRO,35.4600
LPSN,64.4600
LPTH,2.3100
LPTX,1.5200
LPX,55.3200
LQD,136.3000
LQDA,2.3000
LQDH,95.8300
LQDI,30.3702
LQDT,20.1600
LRCX,645.5200
LRFC,25.9873
LRGE,56.9700
LRGF,44.0600
LRMR,10.0000
LRN,31.2600
LSAF,33.5406
LSAQ,9.9200
LSCC,58.1200
LSF,25.4600
LSI,119.0500
LSPD,87.4100
LSST,25.2750
LSTR,158.0700
LSXMA,47.1900
LSXMK,46.8800
LTBR,6.2000
LTC,36.8300
LTCH,13.4800
LTCHW,4.0700
LTHM,19.8900
LTPZ,89.7700
LTRPA,4.0600
LU,7.2900
LULU,407.5100
LUMN,12.7500
LUMO,7.6500
LUNA,12.4400
LUNG,39.1900
LUV,50.6500
LUXA,9.9300
LUXAU,10.3100
LUXAW,1.2100
LVHD,37.6200
LVHI,26.3600
LVRAU,10.0600
LVS,40.1300
LW,66.6600
LWAC,9.8900
LWAY,6.0400
LX,7.6400
LXFR,20.5300
LXP,13.1300
LXRX,3.6100
LXU,8.2800
LYB,100.2000
LYFT,55.3800
LYG,2.6000
LYRA,6.1100
LYTS,7.3500
LYV,78.3300
LZB,34.0200
M,17.2900
MA,367.6000
MAA,191.4500
MAAC,9.9000
MAACU,10.4595
MAACW,1.3200
MAAX,25.3450
MAC,16.4500
MACK,5.1800
MAG,19.9300
MAGA,36.3385
MAIN,41.6100
MAN,117.4900
MANH,163.8000
MANT,84.3700
MANU,15.9000
MAPS,13.4300
MAR,142.6300
MARA,27.1300
MARK,1.2700
MAS,60.3300
MASI,276.9200
MASS,31.0000
MAT,21.8100
MATW,34.0300
MATX,70.3600
MAX,31.0500
MAXN,16.3100
MAXR,35.3800
MBB,108.7400
MBBB,25.4993
MBI,13.0400
MBII,1.4100
MBIN,34.9700
MBIO,2.7300
MBND,30.3400
MBRX,3.1000
MBSD,23.6700
MBT,8.6800
MBUU,83.9000
MBWM,31.9000
MC,58.3400
MCB,72.1900
MCBC,8.2600
MCBS,20.0800
MCD,236.9500
MCEF,21.6200
MCF,3.6300
MCFE,28.0300
MCFT,26.9000
MCHI,71.3700
MCHP,146.8200
MCHX,2.5400
MCK,206.4200
MCO,379.1500
MCR,8.6600
MCRB,6.9600
MCRI,63.8800
MCRO,28.4250
MCS,15.6400
MCY,60.7400
MD,30.2100
MDB,359.1700
MDC,53.5900
MDGL,85.3900
MDGS,1.5500
MDH,9.8100
MDIV,16.6955
MDLA,33.6300
MDLZ,63.3800
MDP,43.6800
MDRX,17.3600
MDT,131.4600
MDU,32.4500
MDXG,12.5500
MDY,493.5100
MDYG,78.4700
MDYV,67.4600
ME,8.6800
MEAR,50.2050
MEC,17.5000
MED,285.1100
MEDP,176.6400
MEI,47.6400
MEIP,2.5400
MELI,1575.7000
MEOH,33.7400
MERC,11.7800
MESA,8.6600
MESO,7.4100
MET,58.2900
METC,7.8800
MEUSW,1.8500
MEXX,92.5294
MFA,4.6500
MFC,19.1600
MFDX,30.0647
MFEM,30.2422
MFG,2.8900
MFGP,5.6100
MFIN,8.7900
MFMS,39.3500
MFUS,39.2315
MG,10.5800
MGA,84.7000
MGC,157.1200
MGEE,79.4400
MGF,4.4400
MGI,9.7100
MGIC,17.3500
MGK,240.3700
MGLN,94.4000
MGM,36.9500
MGNI,29.5600
MGNX,24.9000
MGP,37.0900
MGPI,59.2900
MGRC,78.4900
MGTA,6.3300
MGTX,13.9400
MGV,101.7100
MGY,14.0900
MHH,17.5600
MHK,199.3100
MHLD,3.2600
MHO,64.3700
MIC,39.4700
MIDD,194.0000
MIDU,61.7500
MIG,25.3500
MILE,7.0700
MILEW,1.7100
MILN,43.9300
MIME,58.0100
MIN,3.7200
MINC,48.9250
MINT,101.9800
MIRM,15.0100
MIST,5.4100
MIT,9.7200
MITC,6.9200
MITK,21.7500
MITO,1.3900
MITT,10.7400
MJ,17.8900
MJJ,78.5799
MJO,96.5151
MKC,83.7900
MKFG,10.3100
MKL,1206.5000
MKSI,155.7900
MKTW,13.5300
MKTWW,1.6100
MKTX,479.9400
MLAB,291.0000
MLAC,9.9000
MLACU,10.1000
MLCO,13.0900
MLHR,44.3200
MLI,42.9700
MLM,362.5300
MLN,22.0125
MLPA,35.7700
MLPB,15.3311
MLPO,10.3968
MLPX,34.6900
MLR,37.4400
MLSS,1.9200
MMAT,3.2700
MMC,150.3300
MMI,39.2800
MMIN,27.8500
MMIT,27.0000
MMLP,2.6600
MMM,201.0300
MMP,48.0100
MMS,87.6600
MMSI,67.6800
MMT,6.3000
MMTM,186.8000
MMX,4.7900
MMYT,26.7400
MN,9.7400
MNA,33.2500
MNKD,3.9900
MNOV,3.7000
MNR,18.8500
MNRL,19.3000
MNRO,60.7600
MNSO,16.4900
MNST,93.0400
MNTK,7.5000
MNTV,20.8900
MO,47.7900
MOAT,75.8400
MOD,16.8600
MODN,31.5800
MODV,176.4500
MOFG,29.3200
MOG.A,76.9600
MOGO,5.5500
MOGU,1.1400
MOH,277.4500
MOMO,12.6800
MON,9.7200
MOO,92.7500
MOON,32.9000
MOR,13.6900
MORF,53.6100
MORN,262.5300
MORT,18.8500
MOS,31.3400
MOSY,4.7700
MOTI,34.4600
MOTN,9.9200
MOTNW,1.4498
MOTO,46.6267
MOTS,0.9000
MOTV,9.7500
MOV,31.1300
MOXC,15.0400
MP,37.3700
MPAA,22.3800
MPC,55.9400
MPLN,7.7600
MPLX,28.4200
MPW,20.4400
MPWR,456.5400
MPX,16.0500
MRAC,9.9000
MRACU,10.1100
MRACW,0.9300
MRAD,27.2304
MRAM,5.6400
MRC,8.6600
MRCC,10.7700
MRCY,63.5700
MREO,2.5400
MRGR,40.4800
MRIN,6.6800
MRK,76.4100
MRKR,2.1400
MRNA,386.5100
MRNS,13.8000
MRO,11.5500
MRSN,10.9100
MRTN,15.6400
MRTX,163.2800
MRUS,18.1000
MRVI,47.7200
MRVL,61.3400
MS,96.6000
MSA,161.4500
MSB,34.3800
MSBI,25.2400
MSCI,619.0700
MSDAU,10.0200
MSEX,106.3200
MSFT,287.1200
MSGE,69.5700
MSGS,159.1800
MSI,224.9900
MSM,88.2100
MSON,26.1900
MSOS,36.0900
MSP,26.7300
MSTB,31.3600
MSTR,625.0600
MT,34.9100
MTAC,9.7300
MTACU,10.0001
MTACW,0.9000
MTB,136.2400
MTCH,158.4700
MTD,1496.7200
MTDR,29.6500
MTEM,7.0300
MTG,13.8100
MTGP,51.1750
MTH,111.0800
MTL,2.1600
MTLS,21.6300
MTN,300.9100
MTNB,0.7301
MTOR,23.9800
MTRN,74.5600
MTRX,10.6900
MTSI,60.9200
MTTRW,5.5500
MTUM,176.9100
MTW,23.7200
MTX,79.0600
MTZ,101.6400
MU,80.8600
MUB,117.6100
MUDS,10.8000
MUDSU,12.8700
MUDSW,3.1500
MUFG,5.3800
MUNI,56.9798
MUR,21.2500
MUSA,150.8500
MUST,22.7900
MUX,1.2100
MVIS,12.4700
MVP,14.6409
MVST,8.4500
MVV,64.6000
MWA,15.0900
MX,20.9000
MXDU,41.4650
MXI,93.7500
MXIM,98.7500
MXL,49.1400
MYE,21.1900
MYGN,35.2300
MYO,8.0000
MYOV,20.6800
MYPS,5.8200
MYPSW,1.3800
MYRG,96.2300
MYSZ,1.1800
MYY,24.2600
NAAC,9.7000
NAACW,1.0500
NAC,16.0900
NAD,16.4300
NAIL,88.2000
NAK,0.4291
NAKD,0.5540
NANR,40.4100
NAPA,23.1200
NARI,89.0000
NAT,2.5300
NATH,63.9800
NATI,43.7100
NATR,17.3600
NAUT,7.6500
NAVB,1.6500
NAVI,20.7400
NBA,10.0700
NBB,23.6900
NBEV,1.9800
NBHC,35.5900
NBIX,97.7000
NBN,32.3900
NBR,87.5000
NBRV,1.2200
NBSE,3.6100
NBSTU,9.9900
NBTB,35.8500
NBY,0.6600
NCBS,73.0000
NCLH,23.1900
NCMI,3.2000
NCNA,2.0900
NCNO,63.2600
NCR,44.1600
NCSM,28.9400
NCTY,11.2900
NDACU,9.9700
NDAQ,188.6700
NDLS,12.1300
NDSN,228.1600
NEA,15.9800
NEAR,50.1300
NEE,79.4200
NEM,62.6500
NEO,46.1900
NEOG,43.3400
NEON,5.2000
NEP,79.7700
NEPT,0.7900
NERD,27.5300
NERV,1.7700
NESR,13.1100
NET,119.5700
NETE,11.8000
NETI,16.2700
NETL,31.4417
NEU,316.3000
NEW,0.6716
NEWR,68.3200
NEWT,25.1300
NEX,3.8500
NEXA,8.6700
NEXI,10.7000
NEXT,3.0400
NFBK,16.5700
NFE,30.7100
NFG,52.1500
NFH,10.8800
NFLT,25.5500
NFLX,510.8200
NFRA,58.2100
NFTY,46.3800
NG,7.7900
NGAB,9.8800
NGAC,9.9600
NGACU,10.3595
NGACW,1.5450
NGCAU,10.2000
NGD,1.6800
NGE,11.2450
NGG,64.8900
NGL,1.8400
NGM,20.1500
NGMS,50.0400
NGS,10.2000
NGVC,11.3700
NGVT,83.7200
NH,2.0600
NHC,76.1800
NHF,13.1100
NHI,67.6900
NHTC,6.9500
NI,25.3100
NIB,29.4000
NICE,275.1500
NINE,2.5400
NIO,44.5700
NIU,25.5100
NJAN,41.0945
NJR,39.2400
NKE,171.2300
NKLA,10.2100
NKTR,15.8000
NKTX,33.2500
NLOK,24.5000
NLR,52.4753
NLS,14.4200
NLSN,23.5400
NLTX,6.8000
NLY,8.4200
NM,4.2100
NMFC,13.3500
NMIH,21.9000
NMM,22.6500
NMR,4.9000
NMRK,12.6100
NMTR,1.0700
NNA,2.3200
NNBR,6.8100
NNDM,6.2200
NNI,75.2700
NNN,48.4800
NNOX,29.2900
NNVC,3.7600
NOA,14.6500
NOAC,9.7300
NOACU,10.3000
NOACW,0.6502
NOAH,39.6200
NOBL,93.1900
NOC,364.4400
NOCT,38.7184
NOG,16.5100
NOK,6.2900
NOMD,26.0100
NORW,14.2300
NOV,13.7100
NOVA,37.7500
NOVT,136.7800
NOW,584.6600
NP,50.0700
NPK,93.7000
NPO,86.5000
NPTN,8.9000
NR,3.3500
NRACU,9.9500
NRC,53.5100
NREF,19.6500
NRG,41.6400
NRGD,14.2600
NRGU,125.5600
NRGX,11.5200
NRIM,40.1000
NRXP,16.0200
NRZ,9.7200
NS,16.5700
NSA,54.5500
NSC,258.7400
NSH,9.9600
NSIT,100.2500
NSL,5.7400
NSP,100.4200
NSPR,3.7800
NSSC,35.2800
NSTG,62.4100
NTAP,81.7300
NTB,33.2900
NTCO,20.9900
NTCT,28.2200
NTEC,9.6300
NTES,93.0600
NTGR,34.6100
NTLA,138.7900
NTNX,36.2300
NTP,21.5000
NTR,59.1500
NTRA,110.8400
NTRS,112.6700
NTST,26.3800
NTSX,42.0800
NTUS,26.5100
NTWK,4.6600
NUAG,25.2350
NUAN,54.7600
NUBD,26.3250
NUDM,32.2588
NUE,106.6700
NUEM,35.2556
NUGT,61.4600
NUHY,24.6900
NULC,41.2627
NULG,66.8600
NULV,38.5700
NUMG,55.3200
NUMV,36.8900
NURE,36.0900
NUS,54.2700
NUSA,25.2800
NUSC,44.2100
NUSI,28.5800
NUV,11.7200
NUVA,60.2900
NUVB,9.1100
NUWE,4.4400
NVAX,188.5700
NVCN,0.8300
NVCR,149.1300
NVDA,198.1500
NVEC,72.5600
NVEE,95.2900
NVGS,9.3400
NVIV,0.6300
NVMI,96.6100
NVO,93.1200
NVR,5295.2300
NVRO,151.1900
NVS,92.7100
NVSAU,10.0758
NVST,43.7800
NVT,33.7000
NVTA,28.5000
NVVE,11.3300
NWBI,13.2500
NWE,62.4700
NWG,5.8100
NWHM,8.9200
NWL,25.2200
NWLI,203.8500
NWN,54.0600
NWPX,28.2000
NWS,23.0600
NWSA,24.0700
NX,24.6900
NXE,4.1800
NXGN,16.1900
NXPI,210.5300
NXRT,59.4200
NXST,147.5700
NXTC,7.1400
NXTD,0.7374
NXTG,77.9400
NYCB,12.1100
NYF,58.5950
NYMT,4.3400
NYMX,1.6300
NYT,43.2100
O,70.4100
OACB,9.8200
OAS,88.5000
OBNK,40.5600
OBOR,31.0735
OBSV,2.5000
OC,96.1000
OCA,9.8300
OCAX,9.8000
OCAXW,0.6200
OCDX,21.6200
OCFC,19.5700
OCFT,7.4600
OCG,4.3200
OCGN,7.0500
OCIO,32.6958
OCN,27.0100
OCSL,6.8300
OCUL,10.7800
OCX,4.7900
ODFL,273.8200
ODP,47.8800
ODT,3.1700
OEC,17.9700
OEF,202.3600
OEG,3.5000
OEPW,9.6600
OESX,4.9200
OEUR,29.5450
OFC,28.5100
OFG,23.3000
OFIX,38.4000
OFLX,150.7800
OGE,34.3400
OGEN,0.7200
OGI,2.5800
OGIG,54.4400
OGS,74.8800
OHI,34.6000
OI,15.3600
OIH,191.0400
OII,13.3400
OIIM,7.3200
OIL,21.0200
OILK,60.5666
OIS,5.7800
OKE,51.4300
OKTA,242.5700
OLD,33.3800
OLED,229.0600
OLK,36.3100
OLLI,92.6100
OLN,46.9600
OLO,35.5200
OLP,30.4600
OM,40.8900
OMAB,48.9100
OMC,72.8700
OMCL,148.7900
OMER,14.7800
OMF,60.8700
OMFL,47.2200
OMI,42.7600
OMP,22.1000
ON,45.3800
ONB,16.2000
ONCR,12.4300
ONCS,2.1600
ONDS,8.0000
ONE,0.5143
ONEM,27.8800
ONEO,100.7321
ONEQ,57.3300
ONEV,106.9491
ONEW,45.9900
ONEY,95.5207
ONLN,73.2200
ONTF,33.8400
ONTO,70.9700
ONTX,5.0400
ONVO,7.6200
OOMA,17.9700
OPBK,10.8300
OPCH,21.2900
OPEN,14.1700
OPER,100.1050
OPGN,2.4000
OPI,28.1200
OPK,3.6100
OPRA,9.6700
OPRT,21.0700
OPRX,55.7800
OPTN,2.7800
OPTT,1.9000
OPY,44.5800
OR,13.6000
ORA,71.5600
ORAN,11.3500
ORBC,11.2200
ORC,4.9000
ORCC,14.4400
ORCL,89.7400
ORGN,5.7100
ORGNW,1.4100
ORGO,14.8100
ORI,24.6500
ORIC,15.9900
ORLA,3.9700
ORLY,612.5000
ORMP,15.4900
ORN,5.3200
ORTX,2.7900
OSBC,11.3400
OSCR,15.5000
OSG,2.7000
OSH,63.9100
OSIS,98.2700
OSK,118.7100
OSMT,3.5500
OSPN,25.2500
OSS,6.2600
OSTK,68.0600
OSUR,12.4100
OSW,9.7700
OTEX,51.8600
OTIC,1.6500
OTIS,91.2800
OTLK,2.4100
OTRK,26.9100
OTTR,53.3700
OUNZ,17.6200
OUSA,43.7309
OUSM,35.9898
OUST,8.8100
OUT,23.1900
OVF,27.5117
OVID,3.7000
OVL,38.1930
OVM,26.4032
OVS,36.4385
OVV,25.6400
OWL,13.0000
OWLT,9.6000
OXLC,7.3200
OXM,86.5000
OXSQ,4.6700
OXY,26.4300
OYST,13.6900
OZK,41.1400
OZON,52.3700
PAA,9.8000
PAAS,27.9400
PAC,115.8400
PACB,30.2100
PACE,9.9700
PACK,25.9700
PACW,40.2800
PAE,8.6600
PAG,89.9900
PAGP,10.4800
PAGS,55.8600
PAHC,24.5600
PAICU,10.6432
PAICW,0.6410
PAK,28.1950
PALL,246.5900
PAM,15.5000
PAMC,35.7099
PANW,398.3300
PAPR,28.6724
PAR,60.2000
PARR,17.1900
PASG,11.9200
PATK,84.4000
PAUG,29.4800
PAVE,26.6700
PAVM,6.9500
PAWZ,83.1200
PAX,15.5000
PAYA,11.0000
PAYC,400.0400
PAYO,9.5800
PAYOW,2.0300
PAYS,2.4300
PAYX,114.8000
PB,67.8600
PBA,32.8700
PBCT,15.9500
PBD,29.7600
PBDM,29.8510
PBE,76.1800
PBEE,28.8200
PBF,9.3500
PBFX,13.3000
PBH,53.4200
PBI,7.7700
PBJ,41.1600
PBND,26.2946
PBP,22.7300
PBPB,6.8800
PBR,10.6900
PBR.A,10.3300
PBS,52.8700
PBT,5.3500
PBTP,26.8700
PBW,83.3500
PBYI,7.3100
PCAR,81.8500
PCB,18.9800
PCEF,24.4400
PCG,8.9900
PCGU,92.1300
PCH,52.1800
PCI,22.4400
PCN,19.1500
PCOM,15.7800
PCPC,24.3600
PCRX,60.7900
PCSB,17.9600
PCTI,6.2800
PCTY,203.4500
PCVX,22.3500
PCY,27.7100
PCYG,5.6100
PCYO,15.3300
PD,41.6400
PDAC,9.5500
PDBC,20.0600
PDCE,40.1200
PDCO,30.5000
PDD,88.9100
PDEC,30.6650
PDEV,32.1320
PDFS,19.0100
PDI,28.7300
PDM,18.5000
PDN,38.7800
PDP,92.0200
PDS,33.5200
PDSB,11.0600
PEAK,36.7400
PEB,21.6800
PEBO,29.5300
PEG,63.5100
PEGA,126.9900
PEI,2.1500
PEJ,48.4100
PEN,262.1700
PENN,66.6900
PEP,156.6700
PERI,19.5700
PETQ,35.3100
PETS,30.0000
PETZ,2.6900
PEX,38.3111
PEXL,43.1109
PEY,20.3600
PEZ,89.7800
PFBC,58.6700
PFC,26.9200
PFDRU,10.0600
PFE,45.6800
PFEB,28.5340
PFF,39.3700
PFFA,25.2900
PFFD,26.1900
PFFL,19.6101
PFFR,24.6500
PFG,62.9900
PFGC,42.6000
PFHD,19.7900
PFI,51.4100
PFIE,1.1000
PFIG,27.2400
PFLT,13.0200
PFM,37.4000
PFPT,174.6000
PFS,21.8800
PFSI,63.0700
PFSW,12.1500
PFX,41.0000
PFXF,21.5400
PG,143.9500
PGAL,10.9652
PGC,32.1200
PGEN,5.4700
PGF,19.1700
PGHY,21.8800
PGJ,47.2700
PGNY,55.7200
PGR,96.6100
PGRE,9.2900
PGRW,9.7500
PGRWW,0.6298
PGTI,22.4000
PGX,15.2400
PH,309.4300
PHAS,3.5200
PHAT,32.6400
PHB,19.5200
PHD,11.4400
PHDG,36.2300
PHG,45.9700
PHGE,4.4000
PHI,24.5000
PHIC,9.7800
PHICU,10.0800
PHICW,1.0500
PHK,7.0100
PHM,55.3700
PHO,57.4600
PHR,67.6700
PHT,10.0300
PHUN,1.0700
PHX,3.0000
PHYL,41.1950
PHYS,14.3900
PI,47.0400
PIAI,9.8000
PICB,29.5300
PICK,47.7900
PID,17.8200
PIE,26.3400
PIFI,99.9047
PII,134.2500
PILL,22.7900
PIM,4.1400
PIN,26.9600
PINC,35.9900
PINE,19.5900
PING,21.9900
PINS,60.0100
PIO,42.4400
PIPP,9.7200
PIPR,129.1200
PIRS,3.6400
PIXY,1.7900
PIZ,40.1300
PJAN,32.6550
PJP,82.0600
PJT,76.1300
PJUL,29.9000
PJUN,31.3400
PK,17.8700
PKB,51.1584
PKE,15.1500
PKG,140.2100
PKI,185.0700
PKOH,29.4800
PKW,92.0300
PKX,75.5800
PLAB,13.5100
PLAN,56.4000
PLAT,47.7305
PLAY,32.8400
PLBY,28.3400
PLCE,87.3500
PLD,129.6700
PLG,3.1100
PLIN,1.2400
PLL,55.5300
PLMIU,9.9400
PLMR,80.8700
PLNT,73.4500
PLOW,38.4700
PLPC,69.4400
PLRX,21.5800
PLSE,21.4600
PLTK,22.0000
PLTM,10.3700
PLTR,22.2400
PLUG,26.4900
PLUS,92.6100
PLW,37.4100
PLX,1.5800
PLXP,18.4100
PLXS,89.3100
PLYA,6.5000
PLYM,22.5500
PM,100.4400
PMAR,30.7400
PMAY,29.7800
PMBC,8.5200
PMGMU,9.9600
PML,15.2000
PMT,19.7500
PMVC,9.7500
PMVP,34.1100
PNC,186.3400
PNFP,90.4500
PNM,48.2900
PNNT,6.4700
PNOV,30.3650
PNQI,248.2300
PNR,76.7500
PNRG,51.9500
PNTG,33.5000
PNTM,9.7200
PNW,80.9800
POAI,1.1300
POCT,29.2200
PODD,278.8600
POLA,6.9600
POLY,31.8000
POOL,480.4400
POR,50.2200
POSH,36.1600
POST,102.0000
POTX,11.4000
POW,9.6700
POWI,97.2300
POWL,28.9400
POWRW,0.8989
POWW,7.0500
PPA,74.4800
PPBI,38.6000
PPBT,5.2700
PPC,21.6600
PPD,46.3200
PPG,165.6300
PPGH,9.7200
PPH,75.6700
PPL,28.5600
PPLT,98.0100
PPSI,3.8900
PPT,4.6300
PPTY,35.9096
PQDI,21.6050
PQIN,62.5804
PQLC,73.3617
PRA,20.5300
PRAA,39.3600
PRCH,18.5100
PRDO,12.0500
PREF,20.7600
PRF,162.1900
PRFT,98.0000
PRFZ,183.0140
PRG,42.7100
PRGO,48.7100
PRGS,45.9800
PRI,146.3500
PRIM,30.2800
PRK,116.0200
PRLB,78.2900
PRLD,32.0000
PRMW,16.4900
PRN,101.8279
PRNT,38.2700
PRO,42.2100
PROF,14.2600
PROG,1.9700
PROS,12.8500
PRPB,9.7900
PRPH,7.2300
PRPL,26.4500
PRQR,5.8000
PRSR,9.7200
PRSRW,0.9500
PRTA,54.1000
PRTK,5.3400
PRTS,17.3900
PRTY,8.6300
PRU,102.1600
PRVB,6.2100
PSA,309.5800
PSAGU,9.9500
PSB,154.0200
PSC,45.7576
PSCC,101.8600
PSCD,112.5900
PSCE,6.7500
PSCF,56.6500
PSCH,190.9664
PSCI,92.9200
PSCM,64.4800
PSCT,141.0900
PSCU,67.1811
PSEC,8.1200
PSEP,29.5600
PSET,55.8737
PSFE,10.5000
PSHG,4.4100
PSI,129.1100
PSJ,157.6327
PSK,43.8100
PSL,91.7040
PSLV,8.9500
PSMB,16.8700
PSMT,87.6800
PSN,37.5500
PSNL,19.9600
PSO,11.4400
PSP,16.2300
PSQ,11.9700
PSR,108.3000
PST,15.5590
PSTG,20.3200
PSTH,20.1700
PSTI,3.2700
PSTL,19.5300
PSTV,1.9400
PSX,76.0700
PSXP,36.1600
PT,0.8900
PTBD,27.8800
PTC,132.4100
PTCT,38.5400
PTE,0.7895
PTEN,8.0900
PTEU,25.4100
PTF,152.2000
PTGX,49.2600
PTH,167.2700
PTICW,0.9500
PTIN,29.5900
PTLC,38.7000
PTMC,35.5500
PTMN,2.4100
PTN,0.5129
PTNQ,56.4300
PTNR,4.3000
PTON,119.2700
PTR,42.4900
PTRA,10.3700
PTRAW,3.2800
PTVE,14.3400
PTY,21.1200
PUBM,29.1500
PUCK,9.6500
PUCKU,10.3500
PUI,34.1686
PUK,38.5200
PULM,0.8198
PULS,49.7000
PUMP,7.7300
PUTW,32.2601
PUYI,5.3000
PV,9.6800
PVAC,17.0100
PVAL,25.6896
PVBC,15.7100
PVG,9.6300
PVH,109.3600
PVI,24.8850
PWB,76.6100
PWC,123.0803
PWFL,6.9100
PWR,91.1800
PWS,32.2543
PWV,44.8700
PWZ,28.2600
PXD,153.5100
PXE,16.0500
PXF,48.4000
PXH,22.7700
PXI,25.3700
PXJ,3.3500
PXLW,3.0100
PXQ,94.6832
PXS,0.7300
PY,42.6003
PYPD,7.9200
PYPL,273.5000
PYR,3.6600
PYZ,88.4800
PZA,27.4100
PZT,26.5900
PZZA,115.7500
QABA,53.3500
QADA,87.0300
QAI,32.1600
QARP,41.0396
QAT,19.0100
QCLN,68.1000
QCOM,147.9500
QCON,47.8104
QCRH,49.0900
QD,1.7900
QDEC,22.1300
QDEF,55.4400
QDEL,141.4400
QDF,57.6800
QDIV,31.0694
QDYN,60.8656
QED,23.8098
QEFA,77.7200
QELL,9.9400
QELLU,10.6500
QELLW,1.5300
QEMM,68.7002
QFIN,20.9700
QFTA,9.7700
QGEN,52.4900
QGRO,73.8000
QID,19.2000
QINT,52.6947
QIWI,10.0400
QLC,49.0869
QLD,76.7100
QLGN,1.8300
QLI,4.3300
QLS,27.6800
QLTA,57.5400
QLVD,28.4300
QLVE,26.6200
QLYS,104.2800
QMCO,6.3300
QMJ,69.0432
QMN,27.3801
QMOM,49.0759
QNST,17.6800
QQEW,114.6800
QQQ,366.8100
QQQE,85.4300
QQQJ,34.1000
QQQM,150.7400
QQQX,29.4500
QQXT,87.8232
QRFT,43.4955
QRTEA,12.0900
QRVO,195.1800
QS,21.8000
QSI,9.0000
QSR,66.4400
QTEC,163.7200
QTNT,3.4300
QTRX,54.2300
QTS,77.6600
QTT,1.7000
QTUM,49.9403
QTWO,98.4100
QUAD,3.5900
QUAL,138.1600
QUIK,5.3000
QUMU,2.4400
QUOT,10.7500
QURE,29.3600
QUS,123.1700
QVAL,35.1930
QWLD,106.5511
QYLD,22.5700
R,78.3700
RA,22.4200
RAAS,4.7600
RAAX,25.7700
RACE,211.3000
RAD,14.9000
RADA,11.9900
RADI,15.4200
RAFE,31.1600
RAIL,5.2400
RALS,31.3000
RAMP,39.6700
RAPT,31.0900
RARE,83.7700
RAVE,1.3200
RAVI,76.1950
RAVN,57.9500
RAYC,25.5551
RBA,58.6300
RBAC,9.7800
RBB,24.2300
RBBN,6.8600
RBC,147.6900
RBCAA,49.7000
RBIN,28.8704
RBLX,77.4900
RBNC,28.0400
RBND,25.2799
RC,15.1600
RCD,149.7300
RCEL,19.3900
RCHG,9.8200
RCHGW,0.7450
RCI,51.0800
RCII,59.1200
RCKT,35.9600
RCKY,58.5600
RCL,74.4900
RCM,21.5100
RCON,3.3400
RCUS,30.0200
RDCM,10.9600
RDFN,57.3100
RDHL,6.6300
RDI,5.2800
RDIV,40.4800
RDN,22.5400
RDNT,38.0800
RDOG,49.2145
RDS.A,41.6200
RDS.B,40.4600
RDUS,14.6000
RDVT,25.0000
RDVY,48.4500
RDWR,32.4200
RDY,63.2900
RE,259.8100
REAL,15.9100
REC,25.2300
RECS,30.1213
REE,10.0100
REED,0.7887
REET,28.8400
REFR,2.3900
REG,64.3100
REGI,59.3200
REGL,71.7300
REGN,586.5100
REI,2.7300
REKR,6.9800
RELX,30.1000
REM,36.0500
REML,6.8300
REMX,105.9000
REPH,1.9600
REPL,34.2300
RES,4.2200
RESD,31.6602
RESE,37.8570
RESN,2.8600
RESP,48.3136
RETA,128.4300
RETL,230.8000
REV,11.1200
REVG,15.2900
REVHU,10.0199
REVS,20.5247
REX,83.6000
REXR,62.1200
REYN,27.8400
REZ,89.6200
REZI,30.8600
RF,19.6200
RFCI,25.8200
RFDA,44.7658
RFDI,74.2600
RFEM,71.3900
RFFC,45.8393
RFG,226.3296
RFP,12.1600
RFUN,25.6950
RFV,92.1400
RGA,111.5500
RGEN,249.0700
RGI,190.8900
RGLD,120.9700
RGLS,0.7500
RGNX,32.0500
RGP,15.0200
RGR,76.7700
RGS,7.5900
RH,660.9800
RHI,98.9800
RHP,76.9500
RHS,159.1786
RICE,17.0000
RICK,63.2200
RIDE,5.9400
RIG,3.5000
RIGL,3.7800
RIGS,24.9200
RILY,65.2100
RINF,29.3768
RING,28.7700
RIO,89.3900
RIOT,31.4800
RJA,7.7200
RJF,129.5200
RJI,6.3600
RJN,2.4099
RJZ,11.3100
RKDA,2.4100
RKT,17.3000
RL,125.2200
RLAY,32.0600
RLGT,6.2600
RLGY,17.3500
RLI,108.1700
RLJ,14.1200
RLMD,24.7800
RLX,4.8500
RLY,28.8300
RM,53.4600
RMAX,33.7400
RMBI,15.1800
RMBL,37.9000
RMBS,24.4900
RMD,273.0900
RMED,3.3500
RMGB,9.9700
RMGBU,10.5000
RMGBW,1.6100
RMGCU,9.9700
RMNI,8.5900
RMO,6.8500
RMR,38.7200
RMTI,0.7380
RNA,19.0300
RNDM,57.3651
RNDV,29.8663
RNEM,49.7704
RNG,269.9000
RNR,150.8800
RNRG,16.3800
RNST,35.1400
RNWK,1.8500
ROAD,32.6100
ROAM,25.1500
ROBO,66.6600
ROBT,54.1300
ROCK,71.5600
RODE,29.2539
RODM,31.4000
ROG,190.3300
ROIC,17.5800
ROK,311.0600
ROKU,417.8000
ROL,38.9900
ROLL,230.0500
ROM,105.3400
ROOF,25.7834
ROOT,7.3700
ROP,492.2900
ROSC,39.0570
ROST,122.0000
ROT,9.9300
ROUS,41.2800
RPAI,12.4000
RPAR,25.1800
RPAY,22.8700
RPD,115.3600
RPG,195.4300
RPM,86.8800
RPRX,37.6800
RPT,12.4900
RPTX,33.5000
RPV,76.4100
RRBI,51.4000
RRC,14.9400
RRD,5.9300
RRGB,25.6500
RRR,39.3100
RS,157.4400
RSG,119.7400
RSI,9.7500
RSLS,3.7200
RSP,153.7300
RSX,28.9900
RSXJ,36.7249
RTH,178.3720
RTM,165.9600
RTP,9.9400
RTPYU,10.0000
RTX,87.9700
RUBY,21.9900
RUN,53.5900
RUSHA,46.2600
RUSL,29.5600
RUTH,19.5500
RVI,24.2900
RVLV,73.4400
RVMD,29.5100
RVNC,30.1500
RVNU,29.6850
RVP,12.7100
RVSB,7.0600
RVT,18.3600
RWGV,121.1291
RWJ,116.1400
RWK,89.8100
RWL,74.9800
RWLK,1.4300
RWM,21.6400
RWO,53.7900
RWR,110.2000
RWT,11.8500
RWVG,57.5150
RWX,37.9600
RXD,13.1327
RXI,170.9180
RXL,104.6200
RXN,57.0900
RXRAU,9.9500
RXT,17.2600
RY,100.7500
RYAAY,109.3000
RYAM,7.1500
RYB,3.3000
RYE,41.0400
RYF,60.1500
RYH,311.9150
RYI,15.7400
RYJ,59.3893
RYLD,25.1500
RYN,36.9200
RYT,299.4900
RYTM,16.6300
RYU,108.2128
RZG,164.3300
RZV,90.7800
S,51.8700
SA,18.2100
SAA,30.3320
SABR,10.9700
SAFE,91.2800
SAFM,184.2200
SAFT,77.1900
SAGE,41.7600
SAH,54.5700
SAIA,235.5100
SAIC,83.6900
SAIL,50.2600
SALM,2.1200
SAM,678.0900
SAN,3.7400
SAND,7.8600
SANM,38.1700
SAP,145.5400
SAR,26.5300
SASR,42.0000
SATS,24.1400
SAVA,84.8600
SAVE,26.7700
SB,3.4100
SBAC,346.0200
SBBP,2.3600
SBCF,30.3900
SBGI,28.2700
SBH,19.1300
SBIO,43.8000
SBLK,19.2000
SBM,10.2017
SBNY,231.6400
SBOW,19.4000
SBR,39.5400
SBRA,17.9700
SBS,6.9300
SBSI,36.0100
SBSW,17.5900
SBT,4.9000
SBTX,29.5600
SBUX,119.1300
SC,41.5700
SCCO,65.4500
SCHA,101.2000
SCHB,106.7300
SCHC,42.7200
SCHD,76.8700
SCHE,31.1800
SCHF,40.0400
SCHG,151.4500
SCHH,47.7700
SCHI,53.1350
SCHJ,51.2985
SCHK,43.8100
SCHL,33.6800
SCHM,78.4600
SCHN,52.0900
SCHO,51.3000
SCHP,63.6000
SCHQ,52.3300
SCHR,57.6200
SCHV,69.8500
SCHW,67.4100
SCHX,107.0300
SCHZ,55.1700
SCI,63.6200
SCJ,81.0833
SCL,119.1400
SCLEU,9.9900
SCM,13.1800
SCO,18.1300
SCOA,9.7400
SCOAU,10.0800
SCOAW,1.0500
SCOBU,10.0000
SCOR,3.9400
SCPH,5.3700
SCPL,15.9200
SCPS,4.6800
SCR,17.3600
SCS,13.9200
SCSC,27.5300
SCU,24.4300
SCVL,33.7400
SCWX,20.2900
SCYX,6.9100
SCZ,76.3600
SD,5.7000
SDC,6.9800
SDCI,20.6050
SDEF,21.0050
SDEM,11.9700
SDG,98.9700
SDGA,27.9484
SDGR,66.4000
SDIV,13.3700
SDOG,52.6400
SDOW,30.8500
SDS,8.4800
SDY,123.9100
SE,282.9700
SEAC,1.0700
SEAH,9.8900
SEAS,45.8300
SEB,3820.6600
SECT,41.6800
SEDG,299.8100
SEE,58.4700
SEED,12.7200
SEEL,2.0900
SEER,31.0100
SEF,12.6000
SEIC,61.2100
SEIX,25.0400
SELB,3.7000
SEM,39.6600
SENEA,54.4700
SENS,3.0900
SESN,3.9900
SF,65.7700
SFBS,71.6600
SFE,7.5900
SFET,1.1300
SFHY,49.7550
SFIG,51.6400
SFIX,53.7500
SFL,6.9500
SFM,24.4300
SFNC,27.8200
SFST,49.6200
SFT,8.2800
SFUN,9.9400
SFY,16.4000
SFYF,38.0400
SGBX,3.8500
SGC,21.9400
SGDJ,45.2800
SGDM,29.2300
SGEN,158.1900
SGFY,26.6100
SGH,48.6600
SGLB,3.4300
SGMO,9.5800
SGMS,62.1000
SGOL,17.4000
SGOV,100.0249
SGRP,1.9000
SGRY,56.4200
SGU,11.7800
SH,14.9100
SHACW,0.7000
SHAG,51.3800
SHAK,93.0900
SHC,23.1900
SHCR,7.5900
SHCRW,1.4400
SHE,103.6600
SHEN,29.5800
SHG,33.8500
SHI,21.2000
SHIP,1.0100
SHLS,30.5100
SHLX,12.9100
SHM,49.6800
SHO,11.3500
SHOO,43.3800
SHOP,1522.5600
SHSP,16.9200
SHV,110.4900
SHW,295.9800
SHY,86.3100
SHYD,25.5500
SHYF,39.3200
SHYG,45.6100
SHYL,47.6807
SI,100.5300
SIBN,25.7700
SIC,10.9000
SID,8.8800
SIEB,4.0800
SIEN,7.7200
SIFY,3.5700
SIG,65.7600
SIGA,6.4600
SIGI,80.7300
SII,35.8800
SIL,42.2700
SILC,44.1200
SILJ,14.4000
SILK,52.4900
SILV,8.7400
SIMO,77.5400
SIMS,46.6865
SINO,2.5600
SINT,1.6500
SIOX,2.0300
SIRI,6.4500
SITC,15.8200
SITE,171.6000
SITM,137.6300
SIVB,548.4500
SIVR,24.6400
SIX,40.3500
SIXL,34.5855
SIZE,131.7600
SJB,17.8900
SJI,25.6700
SJIV,55.3900
SJM,132.8100
SJNK,27.3100
SJR,29.1900
SJT,5.0500
SJW,69.3500
SKF,9.7450
SKIN,18.5000
SKINW,7.5000
SKLZ,13.6100
SKM,29.7800
SKOR,54.4700
SKT,16.9800
SKX,54.1200
SKY,57.1300
SKYW,39.8400
SKYY,106.3900
SLAB,155.9000
SLAMU,10.0900
SLB,28.9000
SLCA,10.3500
SLCR,9.6500
SLCRW,0.8400
SLDB,2.8300
SLF,51.7600
SLG,72.0600
SLGG,4.1100
SLGL,10.7500
SLGN,39.8500
SLM,18.9300
SLNO,1.0300
SLP,46.9300
SLQD,51.8800
SLQT,17.9200
SLRC,18.8500
SLRX,0.8200
SLS,9.0600
SLV,23.6800
SLVO,5.8700
SLVP,14.7100
SLX,65.3700
SLY,95.6100
SLYG,88.8600
SLYV,82.1500
SM,18.9700
SMAR,71.2900
SMB,18.0800
SMBK,24.2300
SMCI,37.8800
SMDV,63.1300
SMED,10.3400
SMFG,6.8000
SMFR,11.2900
SMFRW,3.2181
SMG,176.8100
SMH,267.4000
SMHB,11.9600
SMHI,3.9000
SMIN,57.7500
SMLF,54.7400
SMLP,37.5200
SMLV,112.6969
SMMD,65.0000
SMMU,51.5300
SMMV,38.0500
SMN,13.6376
SMOG,160.5100
SMP,42.5600
SMPL,36.8800
SMSI,5.2000
SMTC,62.2400
SMTS,3.0500
SNA,223.2700
SNAP,73.3800
SNBR,97.5000
SNCR,3.0000
SNCY,32.8400
SND,2.8800
SNDL,0.8154
SNDR,21.9500
SNDX,14.4100
SNES,1.5100
SNEX,64.9600
SNFCA,8.6900
SNLN,16.0400
SNMP,1.3500
SNN,39.5100
SNOA,6.0100
SNOW,284.5800
SNP,46.4000
SNPE,38.9900
SNPR,9.9700
SNPS,289.2000
SNR,9.1700
SNRH,9.7500
SNRHU,10.0250
SNRHW,0.8200
SNSE,7.4500
SNSR,37.4400
SNV,41.5300
SNX,119.5000
SNY,51.5000
SO,64.1300
SOAC,9.9200
SOCL,65.0800
SOFI,15.1100
SOFIW,5.8200
SOGO,8.8300
SOHU,19.7200
SOI,8.4000
SOL,7.2000
SOLN,51.9000
SOLO,3.4600
SOLY,22.0200
SON,64.3500
SONM,0.4147
SONN,1.0800
SONO,33.4700
SONY,103.6800
SOS,2.5600
SOXL,45.9700
SOXS,6.5700
SOXX,463.3000
SOYB,22.7600
SP,32.1500
SPAB,30.3300
SPAK,23.2700
SPB,85.7600
SPBO,35.8354
SPCB,1.2400
SPCE,31.4000
SPCX,28.7800
SPDN,15.3300
SPDV,29.9569
SPDW,37.3200
SPEM,43.3200
SPEU,43.1771
SPFF,12.1100
SPFR,9.9300
SPG,129.5400
SPGI,436.0500
SPGM,56.1500
SPGP,91.3200
SPH,15.8000
SPHB,73.2800
SPHD,44.0800
SPHQ,50.2500
SPHY,26.7200
SPI,5.5300
SPIB,36.9500
SPIP,31.6700
SPKBU,9.9500
SPKE,11.2500
SPLB,32.5200
SPLG,51.8500
SPLK,140.6000
SPLV,63.5100
SPMB,25.9400
SPMD,47.4500
SPMO,61.4000
SPNE,15.7500
SPNS,25.0800
SPNT,9.6500
SPNV,9.9000
SPOK,8.1500
SPOT,217.9500
SPPI,3.2200
SPPP,17.9900
SPR,43.2400
SPRE,24.7373
SPRO,13.8700
SPRT,6.2200
SPSB,31.3000
SPSC,111.8400
SPSK,20.0310
SPSM,43.0000
SPT,89.3100
SPTI,32.8300
SPTKU,10.0000
SPTL,43.0700
SPTM,54.4400
SPTN,19.7100
SPTS,30.7000
SPUS,30.2200
SPUU,103.0600
SPVM,49.2238
SPVU,41.9700
SPWH,17.8400
SPWR,25.3100
SPXB,93.1150
SPXC,65.5000
SPXE,95.7894
SPXL,115.9800
SPXN,93.3767
SPXS,21.8500
SPXT,75.8101
SPXU,16.5100
SPXV,92.4166
SPXZ,17.8700
SPY,441.1500
SPYC,31.8038
SPYD,39.8400
SPYG,65.7700
SPYV,40.1100
SPYX,109.3700
SQ,269.4900
SQBG,10.3900
SQM,48.3200
SQNS,5.5100
SQQQ,8.1900
SQZ,12.1100
SR,73.1500
SRAC,10.0200
SRC,49.9000
SRCE,45.2900
SRCL,71.3000
SRDX,56.3700
SRE,131.9800
SRET,9.7600
SREV,1.5800
SRG,15.7100
SRGA,1.0800
SRI,28.3400
SRLN,45.6200
SRNE,8.1900
SRNGU,10.3000
SRPT,69.0400
SRRA,16.4000
SRRK,30.2700
SRS,14.9100
SRT,6.7600
SRTS,3.6100
SRTY,9.8000
SRVR,40.5600
SSAAW,0.8800
SSB,70.0800
SSD,112.5100
SSG,30.3516
SSL,15.4800
SSNC,76.5300
SSO,126.4000
SSP,18.9600
SSPY,67.4949
SSRM,16.4300
SSSS,12.3700
SSTI,44.3000
SSTK,105.0000
SSYS,19.6400
ST,59.0700
STAA,127.8500
STAF,2.6400
STAG,41.2500
STAR,24.9400
STBA,29.7800
STC,57.2600
STCN,1.8100
STE,218.9400
STEM,27.8900
STEP,45.1300
STFC,50.0100
STG,0.6400
STIM,7.5600
STIP,106.3600
STK,33.7500
STKL,10.5600
STKS,9.4400
STL,22.2600
STLA,20.2900
STLD,64.6500
STM,41.9000
STMP,327.3800
STN,47.1000
STNE,57.0600
STNG,16.2000
STOK,27.7400
STOR,35.9300
STOT,49.8049
STPC,9.9200
STPZ,55.2300
STRA,79.0000
STRL,22.3900
STRM,1.6200
STRO,17.9000
STRR,3.4100
STRT,40.5900
STSA,4.9800
STT,88.0200
STTK,20.1000
STWD,26.0200
STWO,9.9300
STWOW,1.2900
STX,90.4200
STXB,22.7800
STXS,8.9900
STZ,221.3400
SU,19.7400
SUB,107.9600
SUBZ,11.0800
SUI,196.4900
SULR,33.6601
SUM,33.5400
SUMO,20.6300
SUN,38.8000
SUNS,15.4600
SUNW,8.4300
SUP,8.9600
SUPN,26.8900
SUPV,1.9400
SURF,5.8400
SUSA,98.8100
SUSB,26.1000
SUSC,28.1000
SUSL,77.7200
SUZ,10.6000
SVAL,29.9500
SVC,11.1400
SVFA,9.7600
SVM,4.9200
SVRA,1.2200
SVXY,54.0500
SWAN,35.4700
SWAV,170.8500
SWBI,25.2400
SWBK,9.8900
SWCH,20.7300
SWET,9.7200
SWI,22.6400
SWIR,18.8500
SWK,199.0000
SWKS,188.1900
SWM,39.7900
SWN,4.7600
SWT,118.4800
SWTX,85.6200
SWX,72.9200
SXC,7.6000
SXI,92.2500
SXT,87.0700
SXTC,1.2600
SY,7.2000
SYBT,48.5000
SYBX,2.9100
SYF,47.1200
SYK,268.0100
SYKE,53.7500
SYLD,62.1300
SYNA,148.7600
SYNH,88.1000
SYPR,3.0300
SYRS,4.5800
SYY,72.5600
SZK,14.4673
SZNE,38.9471
T,28.1900
TA,35.8000
TAC,10.5300
TACA,9.8900
TACO,8.3900
TAGS,25.9850
TAIL,19.0300
TAIT,4.5400
TAK,16.6300
TAL,5.9900
TALO,11.3700
TAN,88.5000
TANH,0.8890
TAP,49.1300
TARA,7.8000
TARO,72.0400
TAST,4.8400
TATT,6.4000
TAXF,55.8034
TBBK,23.5600
TBCPU,9.9800
TBF,16.0500
TBI,26.6600
TBIO,37.6700
TBK,77.0100
TBLT,0.6150
TBNK,25.5500
TBPH,13.6300
TBT,17.0500
TBX,23.9300
TC,2.7600
TCACU,10.0300
TCBI,62.8200
TCBK,40.0500
TCDA,4.0200
TCMD,44.5200
TCOM,24.5900
TCON,3.4000
TCPC,14.0700
TCRR,13.0400
TCS,11.0600
TCTL,33.4089
TCX,78.2000
TD,66.7300
TDAC,10.9000
TDACW,1.7200
TDC,51.3200
TDG,631.9600
TDIV,58.3400
TDOC,151.4100
TDS,20.2700
TDSB,26.1200
TDSD,28.4373
TDTF,28.4290
TDTT,26.5600
TDW,11.3400
TDY,454.3900
TEAM,329.4200
TECB,41.4400
TECH,481.2700
TECK,22.3600
TECL,62.4800
TECS,4.4700
TEDU,1.5300
TEF,4.8300
TEI,7.8800
TEKK,9.7600
TEKKW,0.9000
TEL,149.4000
TELA,13.6400
TELL,3.5100
TEN,17.5000
TENB,45.2200
TENX,1.6400
TEO,5.0500
TER,126.7400
TERM,22.0775
TESS,6.0500
TEVA,9.9200
TEX,50.7300
TFC,55.3100
TFFP,8.2800
TFI,52.3400
TFII,111.7900
TFLO,50.2800
TFLT,23.7650
TFSL,19.1200
TFX,384.9600
TG,13.0400
TGA,1.6500
TGB,1.8100
TGH,33.5400
TGI,19.7000
TGIF,106.5051
TGNA,17.5000
TGP,14.0900
TGS,4.5400
TGT,262.2000
TGTX,25.4700
TH,3.5300
THC,72.1300
THCX,15.0400
THD,73.4500
THFF,40.1400
THG,134.8300
THMA,9.8700
THNQ,43.2252
THO,118.1900
THR,16.8600
THRM,83.2900
THRY,31.7200
THS,44.0700
THTX,3.5100
THY,25.1300
TIG,13.7200
TIGR,16.7500
TILE,14.6900
TILT,172.4087
TIMB,11.0000
TINV,10.0300
TIP,129.9700
TIPX,21.3800
TIPZ,66.8350
TISI,6.5700
TITN,28.4100
TJX,68.9800
TK,2.9400
TKAT,6.9800
TKC,4.5600
TKR,76.3100
TLC,6.9100
TLGA,9.6800
TLGT,0.4695
TLH,152.7300
TLK,23.1000
TLRY,14.2500
TLS,28.2100
TLT,150.7500
TLTD,74.0800
TLTE,62.2795
TLYS,15.3200
TM,185.9500
TMBR,0.9988
TMDI,1.6400
TMDX,27.9200
TME,10.5500
TMF,30.1800
TMFC,40.9500
TMHC,27.3300
TMKR,9.7600
TMKRW,0.7300
TMO,536.9900
TMP,77.0600
TMPM,9.7600
TMPMW,0.9000
TMST,13.4100
TMUS,144.5000
TMV,55.9300
TMX,51.5800
TNA,86.2400
TNC,77.9100
TNDM,104.9900
TNET,85.1200
TNK,12.4000
TNL,50.1000
TNP,7.4000
TNXP,0.6926
TOK,97.5700
TOKE,16.2600
TOL,59.7300
TOLZ,46.8000
TOPS,1.3300
TOTL,48.5400
TOUR,1.8600
TOWN,29.8300
TPAY,46.7830
TPB,52.0200
TPC,14.4300
TPGY,11.6900
TPH,24.5500
TPHD,30.7100
TPHS,2.2200
TPIC,39.1300
TPIF,29.7600
TPL,1485.0000
TPLC,36.1800
TPOR,38.0600
TPR,43.4300
TPST,13.3900
TPTX,64.0200
TPVG,15.7400
TPX,42.6100
TPYP,21.9700
TQQQ,135.0100
TR,34.7200
TRC,18.0700
TREE,181.1200
TREX,97.3500
TRGP,42.1200
TRHC,42.0900
TRI,105.2900
TRIB,2.3100
TRIL,6.4900
TRIN,14.5900
TRIP,37.0600
TRIT,5.1100
TRITW,0.9390
TRMB,85.8100
TRMD,8.6500
TRMK,29.5500
TRN,27.8900
TRND,30.7951
TRNO,68.2000
TRNS,62.5900
TROW,209.6600
TROX,18.2800
TRP,48.7800
TRQ,16.2500
TRS,31.5100
TRST,33.8100
TRTN,52.6200
TRTX,13.1700
TRTY,27.4600
TRU,120.6900
TRUP,115.9300
TRV,150.3900
TRVG,2.8600
TRVN,1.3600
TS,20.8300
TSC,20.1600
TSCO,186.6000
TSE,54.1400
TSEM,29.5000
TSHA,17.9900
TSI,5.8400
TSIBU,10.0800
TSLA,709.7400
TSLX,23.4000
TSM,118.4100
TSN,71.7100
TSQ,13.1300
TT,206.5600
TTAC,55.4884
TTAI,36.6666
TTC,114.6800
TTCF,19.9100
TTD,83.1600
TTE,44.7700
TTEC,102.4100
TTEK,133.7600
TTGT,72.6900
TTI,3.3700
TTM,20.5600
TTMI,14.0500
TTNP,2.3100
TTOO,1.0600
TTSH,7.4400
TTT,31.5100
TTWO,159.8600
TU,22.4500
TUFN,10.0500
TUP,21.2300
TUR,22.5200
TUSA,48.3695
TUSK,3.6900
TUYA,20.2800
TV,13.4700
TVAC,10.0400
TVACW,1.0900
TVTX,14.1600
TVTY,25.8500
TW,87.5000
TWCT,9.9000
TWCTW,1.7200
TWI,8.2300
TWIN,14.6500
TWLO,370.2600
TWM,14.1100
TWNK,15.7900
TWO,6.3600
TWOA,9.7100
TWOU,42.6800
TWST,119.0200
TWTR,68.6300
TX,49.7700
TXG,178.5500
TXMD,0.9800
TXN,189.3400
TXRH,88.7500
TXT,71.6700
TYD,56.9028
TYHT,3.7400
TYL,490.8400
TYME,1.1200
TYO,8.0610
TZA,31.3300
TZOO,13.1500
TZPSW,0.7799
U,105.2000
UA,19.2200
UAA,22.7000
UAE,14.2900
UAL,46.5400
UAMY,0.9269
UAN,57.6100
UAPR,25.8152
UAUG,28.6500
UAVS,3.9300
UBA,19.2500
UBER,42.7900
UBOT,42.5824
UBR,36.1143
UBS,16.7000
UBSI,34.3700
UBT,56.6900
UBX,3.7300
UCBI,29.1100
UCC,101.1919
UCIB,19.4800
UCO,74.4500
UCON,26.6300
UCTT,46.4300
UDEC,29.5800
UDN,21.1500
UDOW,76.7900
UDR,55.1300
UE,18.7900
UEC,2.2600
UEIC,46.7000
UEPS,4.2600
UEVM,49.8954
UFCS,24.3500
UFEB,27.5650
UFI,21.2500
UFO,29.7800
UFPI,74.1100
UFPT,65.0700
UFS,54.8800
UGA,36.6100
UGE,95.9727
UGI,46.5700
UGL,59.6600
UGP,3.3700
UGRO,9.7000
UHAL,590.3000
UHS,160.6200
UHT,59.6500
UI,317.3200
UIHC,4.2500
UIS,23.0000
UITB,54.3902
UIVM,50.3741
UJAN,31.1200
UJB,77.6000
UJUL,27.0600
UJUN,28.8055
UL,57.8300
ULE,14.6553
ULH,22.3700
ULST,40.4500
ULTA,346.6600
ULTR,49.5200
UMAR,29.2354
UMBF,93.0000
UMC,10.6500
UMDD,31.0800
UMH,23.1800
UMI,28.1897
UMPQ,18.9900
UNF,215.6900
UNFI,33.1000
UNG,14.2500
UNH,421.9000
UNIT,11.9000
UNL,11.1800
UNM,27.2500
UNOV,29.2200
UNP,220.0600
UNVR,24.0000
UOCT,27.7550
UONEK,4.8400
UP,7.7900
UPC,2.3900
UPH,6.2800
UPLD,35.0200
UPRO,123.4500
UPS,194.1500
UPST,128.6800
UPV,71.7979
UPW,64.3924
UPWK,51.9600
URA,19.7100
URBN,37.2400
URE,96.3400
URG,1.1300
URGN,15.7100
URI,338.2300
URNM,58.2100
URTH,129.8800
URTY,102.6500
USA,8.2900
USAC,15.3600
USAI,23.4578
USAK,14.0400
USAP,11.2300
USAS,1.3400
USAU,10.3200
USB,55.8900
USCI,40.5400
USCR,73.5000
USD,36.5400
USDU,25.4300
USEP,28.1600
USEQ,36.7319
USFD,32.8000
USFR,25.1100
USHY,41.4500
USI,24.7210
USIG,61.3200
USL,25.1300
USLM,144.4500
USM,32.6600
USMC,41.0497
USMF,40.2916
USMV,76.5600
USNA,97.1400
USO,48.8500
USOI,5.1900
USPH,119.1400
USRT,60.9700
USSG,40.8500
UST,71.5800
USTB,51.9710
USVM,70.6663
USWS,0.9300
USX,8.6900
UTES,43.3362
UTHR,180.6600
UTI,7.1100
UTL,54.0500
UTMD,87.5100
UTRN,35.0105
UTSL,32.4000
UTZ,22.3200
UUP,24.7500
UUUU,5.2600
UVE,13.9500
UVSP,26.9900
UVV,51.9600
UVXY,27.9100
UWM,55.1800
UWMC,7.4900
UXI,33.4883
UXIN,3.7100
UYG,63.4800
UYM,96.9500
V,237.0900
VABS,25.0600
VAC,139.5900
VACQ,10.0000
VACQU,10.9600
VACQW,2.9000
VALE,21.7400
VALQ,51.3147
VALT,49.7387
VAMO,23.4200
VAPO,25.1200
VAQC,9.7400
VAW,183.3600
VB,222.3100
VBIV,3.1000
VBK,285.8000
VBLT,2.0900
VBND,52.2350
VBR,171.2800
VBTX,33.4800
VC,113.9700
VCEB,75.2870
VCEL,51.7200
VCIT,96.1300
VCLT,109.4400
VCR,317.9700
VCRA,44.2300
VCSH,82.8400
VCTR,31.9700
VCYT,44.6000
VDC,185.5400
VDE,69.8400
VEA,52.4000
VEC,44.8700
VECO,23.2100
VEDL,16.9500
VEEV,338.0500
VEGA,40.1500
VEGI,39.4606
VEGN,40.3900
VEL,11.5500
VELOU,10.1690
VEON,1.7500
VER,49.0400
VERB,2.2700
VERI,20.3800
VERO,2.1200
VERU,7.1800
VERX,18.8700
VET,7.3300
VEU,63.2500
VFC,81.5700
VFF,9.4600
VFH,90.9200
VFLQ,110.9830
VFMF,100.8724
VFMO,129.8502
VFMV,101.8380
VFQY,121.1057
VFVA,98.9300
VG,14.4800
VGIT,68.6800
VGK,69.3300
VGLT,91.4100
VGR,13.4400
VGSH,61.5400
VGT,413.4800
VHC,3.9800
VHI,22.8900
VHT,259.7400
VIAC,38.4700
VIACA,42.6200
VIAO,10.7000
VIAV,16.6600
VICE,32.2330
VICI,30.2600
VICR,117.9900
VIDI,27.8252
VIEW,6.0800
VIEWW,1.1700
VIG,160.5500
VIGI,89.0800
VIH,9.8500
VIHAU,10.4400
VIHAW,1.1500
VII,9.7100
VIIAU,10.0800
VIIAW,0.7605
VINP,13.0400
VIOG,228.7975
VIOO,202.8700
VIOT,5.8100
VIOV,174.5200
VIPS,17.3700
VIR,34.9000
VIRI,5.5000
VIRT,25.8100
VIRX,10.8200
VIS,198.3900
VISL,2.2300
VIST,4.7400
VITL,16.9800
VIV,8.0500
VIVE,2.5000
VIVO,21.4700
VIXM,31.7000
VIXY,24.4000
VKTX,5.9700
VLDR,7.6100
VLDRW,2.1279
VLGEA,22.5200
VLO,69.0100
VLRS,21.3600
VLU,147.7700
VLUE,105.4500
VLY,13.0200
VMAR,6.9600
VMBS,53.6300
VMC,180.8500
VMD,6.7700
VMI,237.8900
VMOT,27.9118
VMW,157.3100
VNCE,7.8100
VNDA,16.9200
VNE,31.0400
VNET,17.5000
VNLA,50.1500
VNM,19.9000
VNO,42.4900
VNOM,17.9700
VNQ,106.1900
VNQI,58.9400
VNRX,3.3100
VNT,32.5200
VNTR,3.3100
VO,241.9400
VOD,16.6800
VOE,142.1900
VOLT,5.3000
VONE,205.7400
VONG,72.5500
VONV,70.5900
VOO,405.5800
VOOG,273.8600
VOOV,144.6100
VOT,242.3600
VOX,143.6400
VOXX,11.3800
VOYA,66.0100
VPC,25.0253
VPCBU,10.1400
VPG,35.7500
VPL,82.7400
VPN,17.4500
VPU,146.2600
VRA,11.2700
VRAI,26.4855
VRAY,6.7900
VRCA,10.6500
VRDN,14.4500
VREX,27.0000
VRIG,25.1000
VRM,37.3600
VRME,3.9500
VRNS,59.0000
VRNT,42.5300
VRP,26.4300
VRRM,15.2200
VRS,19.4000
VRSK,188.4900
VRSN,215.7700
VRT,28.0000
VRTS,281.6100
VRTV,63.8800
VRTX,200.0500
VSAT,48.4300
VSDA,45.5700
VSEC,47.2600
VSGX,64.0000
VSH,22.0800
VSMV,39.4900
VSS,138.9900
VST,18.9500
VSTM,2.8800
VSTO,43.5300
VT,105.1000
VTAQ,9.9300
VTC,93.1500
VTEB,55.4900
VTGN,2.7600
VTHR,203.4500
VTI,227.9900
VTIP,52.5900
VTIQ,9.7150
VTIQW,1.2900
VTOL,26.4500
VTR,59.4800
VTRS,14.1900
VTV,140.1600
VTVT,1.9500
VTWG,217.8600
VTWO,89.1800
VTWV,140.0300
VUG,297.0200
VUSE,43.7300
VUZI,14.1800
VV,206.6600
VVI,44.8300
VVNT,12.4300
VVOS,2.8900
VVPR,6.4900
VVR,4.3100
VVV,31.4200
VWID,30.2122
VWO,51.6500
VWOB,79.9300
VWTR,12.8500
VXF,186.7900
VXRT,8.5800
VXUS,65.6400
VXX,29.8100
VXZ,26.5500
VYGG,9.8200
VYGR,3.2900
VYM,106.2500
VYMI,68.2500
VYNE,2.6900
VZ,55.7300
VZIO,21.6600
W,249.4900
WAB,85.5500
WABC,56.6600
WAFD,32.0100
WAFU,6.4200
WAL,93.5600
WANT,69.7600
WASH,49.4900
WAT,391.7500
WATT,2.4900
WB,56.5800
WBA,47.4900
WBIF,31.6624
WBIG,27.0170
WBII,24.8538
WBIL,31.5229
WBIT,20.4801
WBIY,27.4493
WBK,18.3000
WBND,27.4095
WBS,48.5700
WBT,23.2200
WCBR,25.8300
WCC,108.0800
WCLD,57.5400
WCN,127.5300
WD,101.8400
WDAY,235.3600
WDC,66.1400
WDFC,249.2300
WDIV,68.2000
WEAT,7.1000
WEBL,86.3700
WEC,95.6100
WELL,87.1100
WEN,22.7500
WERN,46.0000
WES,19.1600
WETF,6.4500
WEX,182.2700
WF,28.8000
WFC,46.8300
WFG,71.1000
WFH,76.6900
WFHY,52.6749
WFIG,55.4500
WGO,73.9900
WH,70.1500
WHD,35.9200
WHF,15.2100
WHG,26.0800
WHLR,3.2500
WHR,224.9500
WIA,14.1300
WIMI,4.0800
WINA,207.9700
WINC,26.3787
WING,172.9200
WIP,57.2700
WIRE,79.3900
WISA,3.4600
WISH,10.3100
WIT,8.5700
WIW,13.4000
WIX,295.1100
WIZ,35.9240
WK,128.6600
WKEY,6.7200
WKHS,10.7100
WLDN,40.4900
WLDR,27.4250
WLK,83.7100
WLKP,26.9600
WLL,45.7700
WLTW,212.9400
WM,149.4100
WMB,25.1200
WMC,3.0900
WMG,37.3500
WMK,54.2000
WMS,122.4000
WMT,143.8200
WNC,15.0800
WNEB,8.3700
WNS,80.8900
WNW,5.3500
WOMN,33.7882
WOOD,88.1100
WOOF,19.5600
WOR,62.3800
WOW,23.0200
WPC,79.8400
WPG,1.6000
WPM,46.3000
WPP,65.6100
WPRT,3.8600
WPS,39.4102
WRAP,6.9000
WRB,72.5500
WRE,23.5800
WRI,31.4400
WRK,49.7300
WRLD,194.5400
WSBC,32.6600
WSBF,20.0600
WSC,28.7500
WSFS,43.8100
WSM,158.7000
WSO,283.3200
WSR,8.8300
WST,422.1900
WTER,1.9400
WTFC,71.5500
WTI,4.0500
WTM,1116.8000
WTMF,40.8400
WTRG,49.6500
WTRH,1.7300
WTRU,61.0500
WTS,155.4900
WTTR,5.9900
WU,22.7400
WUGI,56.4991
WVE,5.5600
WW,31.2600
WWD,113.0800
WWE,48.6600
WWJD,35.3500
WWR,3.9400
WWW,35.2400
WY,34.5400
WYNN,95.0800
WYY,6.3500
X,25.8700
XAIR,7.8500
XAR,127.5500
XBI,124.8200
XBIT,16.1500
XBUY,48.2921
XCEM,33.4817
XCUR,1.5200
XDIV,99.3286
XEC,65.6700
XEL,68.7000
XELA,3.2200
XELB,2.3700
XENE,17.2400
XENT,23.9900
XERS,2.9600
XES,53.1700
XHB,76.5300
XHE,128.9100
XHR,17.2100
XHS,113.4700
XIN,2.0900
XITK,222.1244
XJH,37.2489
XJR,39.1359
XL,6.6500
XLB,83.8600
XLC,81.8400
XLE,49.8600
XLF,36.9400
XLG,336.8400
XLI,103.9900
XLK,153.8300
XLNX,146.4600
XLP,71.5300
XLRE,46.5900
XLRN,123.0100
XLSR,45.3365
XLU,66.8600
XLV,134.1700
XLY,182.2900
XM,41.5800
XME,44.7400
XMLV,54.6800
XMMO,86.5200
XMPT,30.3400
XMVM,45.7900
XNCR,31.3600
XNET,3.6200
XNTK,159.9600
XOG,44.2500
XOM,58.2000
XOMA,32.5500
XONE,16.4900
XOP,82.8200
XOUT,42.1913
XP,42.3000
XPDIU,10.3500
XPEL,86.1800
XPER,21.2000
XPEV,42.7600
XPH,51.4600
XPL,0.5702
XPO,85.8000
XPOA,9.7500
XPP,54.0600
XRAY,65.3400
XRLV,48.7133
XRT,96.1700
XRX,24.3700
XSD,193.1400
XSHD,22.8245
XSHQ,36.7398
XSLV,47.5200
XSOE,39.4400
XSPA,1.5800
XSVM,49.4800
XSW,171.1200
XT,64.7800
XVV,33.9327
XVZ,38.0870
XWEB,173.4709
XXII,3.1200
XYF,7.5700
XYL,127.9300
XYLD,49.0400
Y,659.6500
YAC,9.8600
YALA,12.9400
YANG,17.9800
YCBD,2.4400
YCL,53.0844
YCS,75.0000
YELL,5.4200
YELP,36.5000
YETI,100.0700
YEXT,12.7600
YI,6.4600
YINN,12.2200
YJ,1.1100
YLD,41.9041
YMAB,34.2100
YMTX,9.9800
YNDX,67.5200
YOLO,18.8300
YORW,48.7000
YPF,4.2900
YPS,23.2798
YQ,1.1400
YRD,4.0400
YSAC,10.0700
YSACU,10.4600
YSACW,0.7900
YSG,6.8100
YTEN,7.2100
YTRA,1.9000
YUM,133.4200
YUMC,61.4400
YVR,1.8400
YXI,15.7248
YY,50.4200
YYY,17.2825
Z,104.5900
ZBH,153.7100
ZBRA,546.7400
ZDGE,16.3400
ZEAL,30.5100
ZEN,127.2100
ZEPP,11.7000
ZEUS,29.3700
ZEV,6.4100
ZG,105.6400
ZGNX,16.3000
ZH,9.5200
ZI,56.5000
ZIG,28.4233
ZIM,42.0200
ZION,52.7400
ZIOP,2.2900
ZIXI,7.3800
ZKIN,3.0700
ZLAB,147.5200
ZM,374.8800
ZNGA,9.8700
ZNH,26.0200
ZNTE,10.0200
ZNTL,51.2800
ZOM,0.6067
ZROZ,154.0700
ZS,243.0700
ZSAN,0.7600
ZSL,24.1000
ZTO,27.1500
ZTS,204.1000
ZUMZ,44.1600
ZUO,17.0600
ZVO,2.3500
ZWRK,9.6400
ZWRKW,0.8598
ZYME,31.9500
ZYNE,4.4400
ZYXI,14.9200